0001,King County Department of Transportation - Metro Transit Division,King County Metro,Seattle,WA,us,transit.metrokc.gov/,"201 South Jackson Street-M.S. KSC-TR-0333, Seattle, WA, 98104-3856",1884200
0002,Spokane Transit Authority,STA,Spokane,WA,us,spokanetransit.com,"1230 West Boone Avenue, Spokane, WA, 99201",334857
0003,Pierce County Transportation Benefit Area Authority,Pierce Transit,Tacoma,WA,us,www.piercetransit.org,"3701 96th Street, S.W., Tacoma, WA, 98499-70",749350
0005,Everett Transit,ET,Everett,WA,us,www.everettwa.org/transit/,"3225 Cedar Street, Everett, WA, 98201",102300
0006,Yakima Transit,YT,Yakima,WA,us,www.yakimatransit.org,"2301 Fruitvale Boulevard, Yakima, WA, 98902-1298",88267
0007,Lane Transit District,LTD,Eugene,OR,us,www.ltd.org,"3500 East 17th Avenue, Eugene, OR, 97403",272272
0008,Tri-County Metropolitan Transportation District of Oregon,TriMet,Portland,OR,us,www.trimet.org,"4012 Southeast 17th Avenue, Portland, OR, 97202-3940",1466540
0011,Valley Regional Transit,VRT,Meridian,ID,us,www.valleyregionaltransit.org,"830 North Main Street-Suite 230, Meridian, ID, 83642",272625
0012,Municipality of Anchorage - Public Transportation Department,People Mover,Anchorage,AK,us,www.peoplemover.org,"3650 A East Tudor Road, Building A, Anchorage, AK, 99519-6650",218145
0016,Community Urban Bus Service,CUBS,Longview,WA,us,www.cubs-bus.com,"254 Oregon Way, Longview, WA, 98632",46210
0018,Ben Franklin Transit,BFT,Richland,WA,us,www.bft.org,"1000 Columbia Park Trail, Richland, WA, 99352",150000
0019,Intercity Transit,I.T.,Olympia,WA,us,www.intercitytransit.com,"526 Southeast Pattison Street, Olympia, WA, 98507-659",151700
0020,Kitsap Transit,,Bremerton,WA,us,kitsaptransit.org,"60 Washington Ave. Suite 200, Bremerton, WA, 98337",237000
0021,Whatcom Transportation Authority,WTA,Bellingham,WA,us,www.ridewta.com,"4111 Bakerview Spur, Bellingham, WA, 98226-8056",188015
0022,City of Pocatello - Pocatello Regional Transit,PRT,Pocatello,ID,us,www.pocatellotransit.com,"911 North Seventh, Pocatello, ID, 83205-4169",61166
0023,City of Seattle - Seattle Center Monorail Transit,SMS,Seattle,WA,us,www.seattlemonorail.com,"305 Harrison Street, Seattle, WA, 98109-4695",495500
0024,Clark County Public Transportation Benefit Area Authority,C-Tran,Vancouver,WA,us,www.c-tran.com,", Vancouver, WA, 98668-2529",355302
0025,Salem Area Mass Transit District,Cherriots,Salem,OR,us,cherriots.org,"555 Court Street, N.E.-Suite 5230, Salem, OR, 97301-3736",206500
0028,Pierce County Ferry Operations,Pierce County Ferry,University Place,WA,us,www.co.pierce.wa.us,"9850 - 64th Street West, University Place, WA, 98467",800000
0029,Snohomish County Public Transportation Benefit Area Corporation,Community Transit,Everett,WA,us,www.commtrans.org,"7100 Hardeson Road, Everett, WA, 98203-5834",723381
0034,Rogue Valley Transportation District,RVTD,Medford,OR,us,www.rvtd.org,"3200 Crater Lake Avenue, Medford, OR, 97504-9075",150000
0035,Washington State Ferries,WSF,Seattle,WA,us,www.wsdot.wa.gov/ferries/index.cfm,"2901 Third Avenue, Seattle, WA, 98121-1081",2872138
0040,Central Puget Sound Regional Transit Authority,ST,Seattle,WA,us,www.soundtransit.org,"401 South Jackson Street, Seattle, WA, 98104-2826",2715000
0041,Alaska Railroad Corporation,ARRC,Anchorage,AK,us,www.akrr.com,"327 West Ship Creek Avenue, Anchorage, AK, 99510-7500",225744
0042,Targhee Regional Public Transit Authority,TRPTA,Idaho Falls,ID,us,None available,"1810 W.  Broadway  #7, Idaho Falls, ID, 83402",70932
0043,Link Transit,,Wenatchee,WA,us,www.linktransit.com/,"2700 Euclid Avenue, Wenatchee, WA, 98801",90000
0044,Skagit Transit,,Burlington,WA,us,www.skagittransit.org,"600 County Shop Lane, Burlington, WA, 98233-9772",117500
0045,Fairbanks North Star Borough Transit,MACS,Fairbanks,AK,us,www.co.fairbanks.ak.us,"3175 Peger Road, Fairbanks, AK, 99709",96888
0046,South Metro Area Regional Transit,SMART,Wilsonville,OR,us,www.ridesmart.com,"29799 SW Town Center Loop E, Wilsonville, OR, 97070",19170
0047,City of Corvallis,CTS,Corvallis,OR,us,www.ci.corvallis.or.us/cts,"Corvallis Transit System, Corvallis, OR, 97339-1083",52950
0048,City of Lewiston,,Lewiston,ID,us,www.cityoflewiston.org/comdev,"PO Box 617, Lewiston, ID, 83501",31000
0049,"VPSI, Anchorage",,Anchorage,AK,us,www.vpsiinc.com,"310 K Street-Suite 200, Anchorage, AK, 99501-2604",218145
0050,"City of Bend, Public Works Department",BAT,Bend,OR,us,www.ci.bend.or.us/bend_area_transit/index.html,"575 NE 15th Street, Bend, OR, 97701",77780
0051,Asotin County PTBA,PTBA,Clarkston,WA,us,asotincoptba.com,"733 5th Street-Suite C, Clarkston, WA, 99403",21400
1001,Rhode Island Public Transit Authority,RIPTA,Providence,RI,us,www.RIPTA.com,"265 Melrose Street, Providence, RI, 2907",1048319
1002,Manchester Transit Authority,MTA,Manchester,NH,us,www.mtabus.org,"110 Elm Street, Manchester, NH, 3101-2799",143500
1003,Massachusetts Bay Transportation Authority,MBTA,Boston,MA,us,www.mbta.com,"10 Park Plaza, Boston, MA, 2116-3974",4510400
1004,Brockton Area Transit Authority,BAT,Brockton,MA,us,www.ridebat.com/,"155 Court Street, Brockton, MA, 2302-4608",221475
1005,Lowell Regional Transit Authority,LRTA,Lowell,MA,us,www.lrta.com,"145 Thorndike Street, Lowell, MA, 1852-3308",320301
1006,Southeastern Regional Transit Authority,SRTA,New Bedford,MA,us,www.srtabus.com,"700 Pleasant Street, 1st Floor, New Bedford, MA, 2740-6263",186731
1007,Berkshire Regional Transit Authority,BRTA,Pittsfield,MA,us,www.berkshirerta.com,"One Columbus Avenue, Suite 201, Pittsfield, MA, 1201",127500
1008,Pioneer Valley Transit Authority,PVTA,Springfield,MA,us,www.pvta.com,"2808 Main Street, Springfield, MA, 1107",551543
1013,Merrimack Valley Regional Transit Authority,MVRTA,Haverhill,MA,us,www.mvrta.com,"85 Railroad Avenue, Haverhill, MA, 1835-7295",306339
1014,Worcester Regional Transit Authority,WRTA,Worcester,MA,us,www.therta.com/,"287 Grove Street, Worcester, MA, 1605",524725
1015,Lewiston-Auburn Transit Committee,LATC,Auburn,ME,us,www.purplebus.org,"125 Manley Road, Auburn, ME, 4210",46052
1016,Greater Portland Transit District,Metro,Portland,ME,us,www.gpmetrobus.com,"114 Valley Street, Portland, ME, 4102",80391
1017,Greater Hartford Transit District,GHTD,Hartford,CT,us,www.hartfordtransit.org,"One Union Place, Hartford, CT, 6103",1078000
1040,Southeast Area Transit,SEAT,Preston,CT,us,www.seatbus.com,"21 Route 12, Preston, CT, 6365",313301
1042,Valley Transit District,VTD,Derby,CT,us,www.valleytransit.org,"41 Main Street, Derby, CT, 6418",89
1045,"Dattco, Inc.",,New Britain,CT,us,www.dattco.com,"583 South Street, New Britain, CT, 6051",73941
1047,"New Britain Transportation Company, Inc.",,Berlin,CT,us,www.nbtrans.com,"257 Woodlawn Road, Berlin, CT, 6037",203562
1048,Connecticut Transit - Hartford Division,CTTransit,Hartford,CT,us,www.cttransit.com,"100 Leibert Road, Hartford, CT, 6141-66",851535
1049,The Greater New Haven Transit District,GNHTD,Hamden,CT,us,www.gnhtd.org,"840 Sherman Avenue, Hamden, CT, 6514",451486
1050,Greater Bridgeport Transit Authority,GBTA,Bridgeport,CT,us,www.gbtabus.com/,"One Cross Street, Bridgeport, CT, 6610",282710
1051,Housatonic Area Regional Transit,HART,Danbury,CT,us,www.hartct.org,"62 Federal Road, Danbury, CT, 6810",154855
1053,Cape Ann Transportation Authority,CATA,Gloucester,MA,us,www.canntran.com/,"3 Pond Road, Gloucester, MA, 1931-780",46000
1055,Connecticut Transit - New Haven Division,CTTransit,Hartford,CT,us,www.cttransit.com,"100 Leibert Road, Hartford, CT, 6141-66",531314
1056,Connecticut Transit - Stamford Division,CTTransit,Hartford,CT,us,www.cttransit.com,"100 Leibert Road, Hartford, CT, 6141-66",281327
1057,Norwalk Transit District,,Norwalk,CT,us,www.norwalktransit.com,"275 Wilson Avenue, Norwalk, CT, 6854-4615",108700
1060,Town of New Milford - New Milford Senior Center,,New Milford,CT,us,,"40 Main Street, New Milford, CT, 6776",28350
1061,Montachusett Regional Transit Authority,MART,Fitchburg,MA,us,www.mrta.us,"Rear 1427 Water Street, Fitchburg, MA, 1420",193415
1063,Middletown Transit District,MTD,Middletown,CT,us,www.middletownareatransit.org,"340 Main Street, Middletown, CT, 6457",90320
1064,Greater Attleboro-Taunton Regional Transit Authority,GATRA,Taunton,MA,us,www.gatra.org,"10 Oak Street-Second Floor, Taunton, MA, 2780",98175
1066,Chittenden County Transportation Authority,CCTA,Burlington,VT,us,www.cctaride.org,"15 Industrial Parkway, Burlington, VT, 5401",85889
1069,"The Regional Transportation Program, Inc.",RTP,Portland,ME,us,www.rtprides.org/,"127 St. John Street, Portland, ME, 4102-3072",265612
1086,Cooperative Alliance for Seacoast Transportation,COAST,Dover,NH,us,www.coastbus.org,"42 Sumner Drive, Dover, NH, 3820",94734
1087,Nashua Transit System,NTS,Nashua,NH,us,WWW.GONASHUA.COM,"11 Riverside St., Nashua, NH, 3062",80000
1088,Casco Bay Island Transit District,CBITD,Portland,ME,us,www.cascobaylines.com,"P.O. BOX 4656, Portland, ME, 4112-4656",188643
1095,"Northeast Transportation Company, Inc.",,Waterbury,CT,us,,"1717 Thomaston Avenue, Waterbury, CT, 6704",189026
1096,City of Bangor - BAT Community Connector,BAT,Bangor,ME,us,www.bangormaine.gov,"73 Harlow Street, Bangor, ME, 4401",55500
1099,York County Community Action Corporation,YCCAC,Sanford,ME,us,www.yccac.org,"6 Spruce Street, Sanford, ME, 4073-72",35000
1102,Connecticut Department of Transportation,CDOT,Newington,CT,us,www.ct.gov/dot,"2800 Berlin Turnpike, Newington, CT, 6131-7546",375000
1105,Cape Cod Regional Transit Authority,CCRTA,Hyannis,MA,us,www.thebreeze.info,"215 Iyannough Road, Route 28, Hyannis, MA, 2601",2686370
1107,Milford Transit District,MTD,Milford,CT,us,www.milfordtransit.com,"259 Research Drive, Milford, CT, 6460",51000
1108,Greater Hartford Ridesharing Corporation - The Rideshare Company,,Windsor,CT,us,www.rideshare.com,"100 Corporate Drive-Suite 120, Windsor, CT, 6095",3708000
1110,"2Plus Partners in Transportation, Inc",2Plus,Rocky Hill,CT,us,www.2plus.com,"1800 Silas Deane Highway-#305N, Rocky Hill, CT, 6067-97",888890
1112,South Portland Bus Service,,South Portland,ME,us,www.southportland.org,"25 Cottage Road, South Portland, ME, 4116-9422",23300
1114,Biddeford-Saco-Old Orchard Beach Transit Committee Shuttle Bus,ShuttleBus,Biddeford,ME,us,www.shuttlebus-zoom.com/,"City Hall, Biddeford, ME, 4005",55000
1115,Northern New England Passenger Rail Authority,NNEPRA,Portland,ME,us,www.amtrakdowneaster.com,"75 West Commercial Street-Suite 104, Portland, ME, 4101",1431087
1116,Bonanza,BZ,Providence,RI,us,www.bonanzabus.com,"One Bonanza Way, Providence, RI, 2904",5207032
1117,Plymouth & Brockton Street Railway Company,,Plymouth,MA,us,www.p-b.com,"8 Industrial Park Road, Plymouth, MA, 2360",1000000
1118,MetroWest Regional Transit Authority,MWRTA,Framingham,MA,us,www.mwrta.com,"160 Waverley Street, Framingham, MA, 1701",231198
2002,Capital District Transportation Authority,CDTA,Albany,NY,us,www.cdta.org,"110 Watervliet Avenue, Albany, NY, 12206",794293
2003,Broome County Department of Public Transportation,Broome County,Vestal,NY,us,www.gobroomecounty.com/transit/,"413 Old Mill Road, Vestal, NY, 13850",165000
2004,Niagara Frontier Transportation Authority,NFT Metro,Buffalo,NY,us,www.nfta.com,"181 Ellicott Street, Buffalo, NY, 14203",1182165
2005,Chemung County Transit System,CCTS,Elmira,NY,us,www.chemungcountytransit.com,"1201 Clemens Center Parkway, Elmira, NY, 14901",95195
2006,City of Long Beach,Long Beach Bus,Long Beach,NY,us,www.longbeachny.org/,"One West Chester Street, Long Beach, NY, 11561",35000
2007,"Metropolitan Suburban Bus Authority, dba: MTA Long Island Bus",MTA Long Island Bus,Garden City,NY,us,www.libus.org,"700 Commercial Avenue, Garden City, NY, 11530",1339641
2008,MTA New York City Transit,NYCT,New York,NY,us,www.mta.info,"2 Broadway, New York, NY, 10004",8008278
2009,City of Poughkeepsie,,Poughkeepsie,NY,us,www.cityofpoughkeepsie.com,", Poughkeepsie, NY, 12602",28844
2010,Dutchess County Division of Mass Transportation,Loop Bus,Poughkeepsie,NY,us,www.dutchessny.gov,"14 Commerce Street, Poughkeepsie, NY, 12603",351997
2018,"CNY Centro, Inc.",CNY Centro,Syracuse,NY,us,www.centro.org,"200 Cortland Ave., Syracuse, NY, 13205-820",424819
2071,Huntington Area Rapid Transit,HART,Huntington Station,NY,us,town.huntington.ny.us,"144 East Second Street, Huntington Station, NY, 11746-1431",203834
2072,Suffolk County Department of Public Works - Transportation Division,ST,Yaphank,NY,us,www.sct-bus.org,"Rudolph M. Kammerer Building-335 Yaphank Avenue, Yaphank, NY, 11980-9744",1505000
2075,Port Authority Transit Corporation,PATCO,Lindenwold,NJ,us,www.ridepatco.org,"Carlton Avenue, Lindenwold, NJ, 8021",743886
2076,Westchester County Bee-Line System,The Bee-Line System,Mount Vernon,NY,us,www.westchestergov.com,"100 East First Street, Mount Vernon, NY, 10550",923459
2078,"Metro-North Commuter Railroad Company, dba: MTA Metro-North Railroad",MTA-MNCR,New York,NY,us,www.mnr.org,"347 Madison Avenue, New York, NY, 10017",6503894
2080,New Jersey Transit Corporation,NJ TRANSIT,Newark,NJ,us,www.njtransit.com,"One Penn Plaza, East, Newark, NJ, 7105-2246",17799861
2082,New York City Department of Transportation,NYCDOT,New York,NY,us,www.ci.nyc.ny.us/html/dot,"59 Maiden Lane, 35 th Floor, New York, NY, 10038-1498",8468015
2084,Transport of Rockland,TOR,Pomona,NY,us,www.co.rockland.ny.us,"Robert L. Yeager Health Center-Building T, Pomona, NY, 10970",286753
2085,Clarkstown Mini-Trans,,Nanuet,NY,us,town.clarkstown.ny.us,"16 Seeger Drive, Nanuet, NY, 10954-2323",265475
2086,Transportation Resources Intra-County for Physically Handicapped and Senior Citizens,TRIPS,Pomona,NY,us,www.co.rockland.ny.us,"CITS-Trips-Yeager Health Group Center-Building T, Sanatorium Road, Pomona, NY, 10970",286753
2089,Village of Spring Valley Bus,Spring Valley Jitney,Spring Valley,NY,us,www.Villagespringvalley.org,"200 North Main Street, Spring Valley, NY, 10977",40000
2096,Putnam County Transit,PART,Carmel,NY,us,www.putnamcountyny.com,"Putnam County Planning Department-841 Fair Street, Carmel, NY, 10512",70291
2098,Port Authority Trans-Hudson Corporation,PATH,Jersey City,NJ,us,www.panynj.gov,"One Path Plaza, Jersey City, NJ, 7306",2820000
2099,"Staten Island Rapid Transit Operating Authority, dba: MTA Staten Island Railway",SIRTOA,Staten Island,NY,us,www.mta.info,"60 Bay Street, Staten Island, NY, 10301",481613
2100,MTA Long Island Rail Road,MTA LIRR,Jamaica,NY,us,www.mta.nyc.ny.us/lirr/,"Jamaica Station, Jamaica, NY, 11435",11720000
2113,"Regional Transit Service, Inc. and Lift Line, Inc.",R-GRTA,Rochester,NY,us,www.rgrta.com,"1372 East Main Street, Rochester, NY, 14609-6912",694394
2116,"Centro of Cayuga, Inc.",Centro of Cayuga,Syracuse,NY,us,www.centro.org,"200 Cortland Avenue, Syracuse, NY, 13205-820",57608
2119,County of Oneida,,Utica,NY,us,www.ocgov.net,"800 Park Avenue, Utica, NY, 13501",154159
2120,Greater Glens Falls Transit System,GGFT,Queensbury,NY,us,www.cityofglensfalls.com,"495 Queensbury Avenue, Queensbury, NY, 12804",59743
2122,"Academy Lines, Inc.",,Hoboken,NJ,us,www.academybus.com,"Francis A. Tedesco, President-111 Paterson Avenue, Hoboken, NJ, 7030",5443000
2126,"Hudson Transit Lines, Inc.",Short Line,Mahwah,NJ,us,www.shortlinebus.com,"4 Leisure Lane, Mahwah, NJ, 7430",5443000
2128,Suburban Transit Corporation,Coach USA,New Brunswick,NJ,us,www.suburbantransit.com,"750 Somerset Street, New Brunswick, NJ, 8901",5443000
2132,New Jersey Transit Corporation-45,NJTC-45,Newark,NJ,us,www.njtransit.com,"1 Penn Plaza East, Newark, NJ, 7105-2246",5443000
2135,Monsey New Square Trails Corporation,,Spring Valley,NY,us,www.monseybus.com,"Eight Washington Avenue, Spring Valley, NY, 10977",286573
2137,Monroe Bus Corporation,,Brooklyn,NY,us,,"60 Nostrand Avenue, Brooklyn, NY, 11205",351982
2142,New Windsor - Cornwall Dial-A-Bus,,New Windsor,NY,us,http://town.new-windsor.ny.us,"555 Union Avenue, New Windsor, NY, 12553",34000
2143,Town of Newburgh,,Newburgh,NY,us,,"311 Route 32, Newburgh, NY, 12550",28500
2145,Tompkins Consolidated Area Transit,TCAT,Ithaca,NY,us,www.tcatbus.com,"737 Willow Avenue, Ithaca, NY, 14850",96501
2148,Newburgh Beacon Bus Corporation,NBBC,New Windsor,NY,us,www.leprechaunlines.com,"24 Windsor Highway, New Windsor, NY, 12550",225000
2149,"Rockland Coaches, Inc.",,Westwood,NJ,us,www.redandtanlines.com,"180 Old Hook Road, Westwood, NJ, 7675-3124",5443000
2158,Tioga County,Tioga County Transit,Owego,NY,us,www.tiogacountyny.com/transportation,"1062 State Route 38, Owego, NY, 13827",52337
2159,"Atlantic Paratrans of NYC, Inc.",API,Staten Island,NY,us,www.atlanticexpress.com,"7 North Street, Staten Island, NY, 10302",14648000
2160,"Community Transit, Inc.",Community Transit,Paramus,NJ,us,www.coachusa.com,"160 South route 17 North, Paramus, NJ, 7652",5443000
2161,DeCamp Bus Lines,,Montclair,NJ,us,www.decamp.com,"101 Greenwood Avenue, Montclair, NJ, 7042",5443
2163,"Lakeland Bus Lines, Inc.",,Dover,NJ,us,www.lakelandbus.com,"425 East Blackwell Street, Dover, NJ, 7802-898",5443000
2165,"Olympia Trails Bus Company, Inc.",Coach USA,Elizabeth,NJ,us,www.olympiabus.com,"349 First Street, Elizabeth, NJ, 7206",5443000
2166,"Orange-Newark-Elizabeth, Inc.",Coach USA,Elizabeth,NJ,us,www.coachusa.com,"349 First Street, Elizabeth, NJ, 7206",5443000
2168,Trans-Hudson Express,,Elizabeth,NJ,us,www.transhudson.com,"349 First Street, Elizabeth, NJ, 7206",5443000
2169,"Trans-Bridge Lines, Inc.",,Bethlehem,PA,us,www.transbridgelines.com,"2012 Industrial Drive, Bethlehem, PA, 18017",5443000
2171,"Private One of New York, LLC, dba: New York Airport Service",,Brooklyn,NY,us,www.nyairportservice.com,"15 Second Avenue, Brooklyn, NY, 11215",5443000
2172,"Centro of Oswego, Inc.",Centro of Oswego,Syracuse,NY,us,www.centro.org,"200 Cortland Avenue, Syracuse, NY, 13205-820",89591
2175,Private Transportation Corporation,,Brooklyn,NY,us,,"15 Second Avenue, Brooklyn, NY, 11215",2465326
2176,Kaser Bus Service,Kaser,Monsey,NY,us,,"15 Elyon Road, Monsey, NY, 10952",3316
2177,"Adirondack Transit Lines, Inc,",Adirondack Trailways,Hurley,NY,us,www.trailwaysny.com,"499 Hurley Avenue, Hurley, NY, 12443",6508105
2178,Ulster County Area Transit,UCAT,Kingston,NY,us,www.co.ulster.ny.us/ucat,"1 Danny Circle, Kingston, NY, 12401",181670
2179,"Hendrick Hudson Bus Lines, Inc.",HHBL,Newburgh,NY,us,www.leprechaunlines.com,"100 Leprechaun Lane, Newburgh, NY, 12550",249175
2181,Roosevelt Island Operating Corporation of the State of New York,RIOC,Roosevelt,NY,us,www.rioc.com,"591 Main Street, Roosevelt, NY, 10044-9998",1000000
2182,Town of Highlands Dial-A-Bus,,Highland Falls,NY,us,,"254 Main Street, Highland Falls, NY, 10928",13000
2183,Town of Monroe Dial-A-Bus,Monroe DAB,Monroe,NY,us,www.monroeny.org,"91 Mine Road, Monroe, NY, 10950",31407
2185,"Centro of Oneida, Inc.",Centro of Oneida,Syracruse,NY,us,www.centro.org,"200 Cortland Avenue, Syracruse, NY, 13205-820",154159
2187,Village of Kiryas Joel,KJ,Monroe,NY,us,,", Monroe, NY, 10949",21000
2188,MTA Bus Company,MTABUS,New York,NY,us,www.mta.info,"341 Madison Avenue, New York, NY, 10017",8008278
2189,"BillyBey Ferry Company, LLC",,New York,NY,us,www.nywaterway.com,"Pier 79-459 12th Avenue, New York, NY, 10018",2131266
2190,Port Imperial Ferry Corporation dba NY Waterway,,Weehawken,NJ,us,www.nywaterway.com,"4800 Avenue at Port Imperial, Weehawken, NJ, 7086-7142",3658455
3001,Kanawha Valley Regional Transportation Authority,KVRTA,Charleston,WV,us,www.rideonkrt.com,"1550 4th Avenue, Charleston, WV, 25324",195413
3002,The Tri-State Transit Authority,TTA,Huntington,WV,us,www.tta-wv.com,"1120 Virginia Avenue, West, Huntington, WV, 25779",86354
3003,Mid-Ohio Valley Transit Authority,Easy Rider,Parkersburg,WV,us,www.easyriderbus.com,"520 Juliana Street, Parkersburg, WV, 26101-5301",42230
3006,Greater Richmond Transit Company,GRTC Transit System,Richmond,VA,us,www.ridegrtc.com,"101 South Davis Avenue, Richmond, VA, 23220",449572
3007,Greater Roanoke Transit Company,Valley Metro,Roanoke,VA,us,valleymetro.com,"1108 Campbell Avenue, S.E., Roanoke, VA, 24032",94911
3008,Greater Lynchburg Transit Company,GLTC,Lynchburg,VA,us,www.gltconline.com,"1301 Kemper Street, Lynchburg, VA, 24505-797",80846
3009,Petersburg Area Transit,PAT,Petersburg,VA,us,www.petersburg-va.org,"309 Fairgrounds Road, Petersburg, VA, 23803",31300
3010,Lehigh and Northampton Transportation Authority,LANTA,Allentown,PA,us,www.lantabus.com,"1060 Lehigh Street, Allentown, PA, 18103",389000
3011,Altoona Metro Transit,AMTRAN,Altoona,PA,us,www.amtran.org,"3301 Fifth Avenue, Altoona, PA, 16602-1801",69608
3012,Cambria County Transit Authority,CamTran,Johnstown,PA,us,www.camtranbus.com,"726 Central Avenue, Johnstown, PA, 15902-2996",80508
3013,Erie Metropolitan Transit Authority,EMTA,Erie,PA,us,www.emtaerie.com,"127 East 14th Street, Erie, PA, 16512-2057",189872
3014,Capital Area Transit,CAT,Harrisburg,PA,us,www.cattransit.com,"901 North Cameron Street, Harrisburg, PA, 17105",414621
3015,Luzerne County Transportation Authority,LCTA,Kingston,PA,us,www.lctabus.com,"315 Northampton Street, Kingston, PA, 18704-5489",202500
3018,Red Rose Transit Authority,RRTA,Lancaster,PA,us,www.redrosetransit.com,"45 Erick Road, Lancaster, PA, 17601",420920
3019,Southeastern Pennsylvania Transportation Authority,SEPTA,Philadelphia,PA,us,www.septa.org,"1234 Market Street, Philadelphia, PA, 19107-3780",3300407
3022,Port Authority of Allegheny County,Port Authority,Pittsburgh,PA,us,www.portauthority.org,"345 Sixth Avenue-3rd Floor, Pittsburgh, PA, 15222-2527",1415244
3023,Beaver County Transit Authority,BCTA,Rochester,PA,us,www.bcta.com,"200 West Washington Street, Rochester, PA, 15074-2235",174000
3024,Berks Area Reading Transportation Authority,BARTA,Reading,PA,us,www.bartabus.com,"1700 North 11th Street, Reading, PA, 19604-1599",373638
3025,County of Lackawanna Transit System,COLTS,Scranton,PA,us,www.coltsbus.com,"North South Road, Scranton, PA, 18504-1410",339009
3026,Williamsport Bureau of Transportation,RVT,Williamsport,PA,us,www.rideRVT.com,"1500 West Third Street, Williamsport, PA, 17701",69764
3027,York County Transportation Authority,rabbittransit,York,PA,us,www.rabbittransit.org,"1230 Roosevelt Avenue, York, PA, 17404",381751
3030,Washington Metropolitan Area Transit Authority,WMATA,Washington,DC,us,www.WMATA.com,"600 Fifth Street, N.W., Washington, DC, 20001",1305693
3034,Maryland Transit Administration,MTA,Baltimore,MD,us,www.mtamaryland.com,"6 St. Paul Street, Baltimore, MD, 21202-1614",2077667
3035,Ohio Valley Regional Transportation Authority,OVRTA / EORTA,Wheeling,WV,us,www.ovrta.org,"21 South Huron Street, Wheeling, WV, 26003",61725
3036,Charlottesville Transit Service,CTS,Charlottesville,VA,us,www.charlottesville.org/transit,"315 Fourth Street, N.W., Charlottesville, VA, 22902",76308
3040,Annapolis Department of Transportation,Annapolis Transit,Annapolis,MD,us,www.annapolis.gov,"308 Chinquapin Round Road, Annapolis, MD, 21401",90000
3041,Allegany County Transit,ACT,Cumberland,MD,us,gov.allconet.org/ACT,"1000 Lafayette Avenue, Cumberland, MD, 21502",68780
3042,Washington County Transit,County Commuter,Hagerstown,MD,us,www.washco-md.net,"1000 West Washington Street, Hagerstown, MD, 21740-5212",44608
3044,Westmoreland County Transit Authority,WCTA,Greensburg,PA,us,www.westmorelandtransit.com/,"41 Bell Way, Greensburg, PA, 15601-2301",296066
3045,"JAUNT, Inc.",,Charlottesville,VA,us,www.ridejaunt.org,"104 Keystone Place, Charlottesville, VA, 22902-6200",200027
3048,Howard Transit,HT,Laurel,MD,us,www.howardtransit.com,"312 Marshall Avenue-Suite 104, Laurel, MD, 20707",97243
3051,Ride-On Montgomery County Transit,,Rockville,MD,us,www.montgomerycountymd.gov,"101 Monroe Street-5th Floor, Rockville, MD, 20850",931000
3053,Bristol Virginia Transit,BVT,Bristol,VA,us,www.bristolva.org,"2107 Shakesville Road, Bristol, VA, 24201",17367
3054,Centre Area Transportation Authority,CATA,State College,PA,us,www.catabus.com,"2081 West Whitehall Road, State College, PA, 16801",83444
3055,Shenango Valley Shuttle Service,SVSS,Hermitage,PA,us,www.mcrcog.com,"2495 Highland Road, Hermitage, PA, 16148",120293
3057,Pennsylvania Department of Transportation,PENNDOT,Harrisburg,PA,us,www.dot.state.pa.us,", Harrisburg, PA, 17105-3151",3100000
3058,City of Fairfax CUE Bus,CUE,Fairfax,VA,us,www.CueBus.org,"10455 Armstrong Street, Fairfax, VA, 22030",21000
3061,Mid Mon Valley Transit Authority,MMVTA,Charleroi,PA,us,www.mmvta.com,"1300 McKean Avenue, Charleroi, PA, 15022",56508
3066,Weirton Transit Corporation,WTC,Weirton,WV,us,www.bhjmpc.org/Transportation/Transit/wtc.htm,"200 Municipal Plaza, Weirton, WV, 26062",22000
3068,Fairfax Connector Bus System,Fairfax Connector,Fairfax,VA,us,www.fairfaxconnector.com,"12055 Government Center Parkway-Suite 1034, Fairfax, VA, 22035-5511",1077000
3069,City of Danville Mass Transit System,Danville Transit,Danville,VA,us,www.danvilletransit.com,"427 Patton Street, Danville, VA, 24541",48411
3070,Potomac and Rappahannock Transportation Commission,PRTC,Woodbridge,VA,us,www.prtctransit.org,"14700 Potomac Mills Road, Woodbridge, VA, 22192-6811",326238
3071,City of Alexandria /Martz Group,King Street Trolley,Alexandria,VA,us,www.alexandriava.gov/trolley,"301 King Street, Alexandria, VA, 22314-4526",135000
3072,Transit Services of Frederick County,,Frederick,MD,us,www.co.frederick.md.us/transit,"1040 Rocky Springs Road, Frederick, MD, 21702",60154
3073,Virginia Railway Express,VRE,Alexandria,VA,us,www.vre.org,"1500 King Street-Suite 202, Alexandria, VA, 22314-2730",680400
3074,Harford Transit,HT,Abingdon,MD,us,www.harfordcountymd.gov/services/transportation/,"1311 Abingdon Road, Abingdon, MD, 21009",218590
3075,Delaware Transit Corporation,DTC,Dover,DE,us,www.DartFirstState.com,"900 Public Safety Boulevard, Dover, DE, 19901",853476
3076,Williamsburg Area Transport,WAT,Williamsburg,VA,us,www.williamsburgtransport.com,"7239 Pocahontas Trail, Williamsburg, VA, 23185-2639",57000
3077,Borough of Pottstown - Pottstown Area Rapid Transit,PART,Pottstown,PA,us,www.pottstown.org,"100 East High Street, Pottstown, PA, 19464-9525",51000
3078,Southwestern Pennsylvania Commission,SPC,Pittsburgh,PA,us,www.spcregion.org,"425 Sixth Avenue Suite 2500, Pittsburgh, PA, 15219-1852",1613019
3079,Fredericksburg Regional Transit,FRED,Fredericksburg,VA,us,www.fredericksburgva.gov,"1400 Jefferson Davis Hwy, Fredericksburg, VA, 22401",113716
3081,Loudoun County Commuter Bus Service - Office of Transportation Services,LC Transit,Leesburg,VA,us,www.loudoun.gov/bus,"1 Harrison Street, S.E.-MSC#69, Leesburg, VA, 20175",279082
3083,"Transportation District Commission of Hampton Roads, dba: Hampton Roads Transit",HRT,Hampton,VA,us,www.gohrt.com,"3400 Victoria Boulevard, Hampton, VA, 23661",1210588
3085,Prince George's County Transit,TheBus,Largo,MD,us,www.princegeorgescountymd.gov,"9400 Peppercorn Place-Suite #320, Largo, MD, 20774",847000
3087,Fayette Area Coordinated Transportation,FACT,Lemont Furnace,PA,us,www.factbus.com,"825 Airport Road, Lemont Furnace, PA, 15456",148644
3088,"County Commissioners of Charles County, MD",DCS  VanGO,Port Tobacco,MD,us,www.go-vango.com,"8190 Port Tobacco Road, Port Tobacco, MD, 20677",120564
3089,Monongalia County Urban Transit,Mt. Line Transit,Morgantown,WV,us,www.busride.org,"420 Dupont Road, Morgantown, WV, 26501",73278
3090,Eastern Panhandle Transit Authority,EPTA,Martinsburg,WV,us,www.pantran.com,"446 Novak Drive, Martinsburg, WV, 25405-8467",118095
3091,Blacksburg Transit,BT,Blacksburg,VA,us,www.btransit.org,"2800 Commerce Street, Blacksburg, VA, 24060",56260
3092,Carroll County Planning Department,CATS,Westminster,MD,us,www.carrolltransit.org,"225 North Center Street, Westminster, MD, 21157",206278
3093,City of Hazleton -- Hazleton Public Transit,HPT,Hazleton,PA,us,www.hazletoncity.org,"40 North Church St., Hazleton, PA, 18201",58043
3094,City of Harrisonburg Department of Public Transportation,Harrisonburg Transit,Harrisonburg,VA,us,www.hdpt.com,"475 East Washington Street, Harrisonburg, VA, 22802",45255
3095,County of Lebanon Transit Authority,COLT,Lebanon,PA,us,www.coltbus.org,"200 Willow Street, Lebanon, PA, 17046",120327
3096,The Tri--County Council for the Lower Eastern Shore,Shore Transit,Snow Hill,MD,us,www.shoretransit.org,"101 West Green Street, Snow Hill, MD, 21863",164997
3098,Washington County Commissioners,CABL Bus lines,Marietta,OH,us,www.wmcap.org,"223 Putnam Street, Marietta, OH, 45750",63251
3099,City of Winchester,Winchester Transit,Winchester,VA,us,www.winchesterva.gov,"301 East Cork Street, Winchester, VA, 22601",26000
3101,City of Washington,WCT,Washington,PA,us,www.washingtonpa.us,"55 West Maiden Street, Washington, PA, 15301",61634
3102,"Martz Trailways, Poconos",,Wilkes Barre,PA,us,,"239 Old River Road, Wilkes Barre, PA, 18702",10
3103,"Martz Group, National Coach Works of Virginia",NCW,Fredericksburg,VA,us,www.martzgroupva.com/commuters.asp,"10411 Hall Industrial Drive, Fredericksburg, VA, 22408",315387
4001,Chattanooga Area Regional Transportation Authority,CARTA,Chattanooga,TN,us,www.gocarta.org,"1617 Wilcox Boulevard, Chattanooga, TN, 37406",155554
4002,Knoxville Area Transit,KAT,Knoxville,TN,us,www.katbus.com,"1135 Magnolia Avenue, Knoxville, TN, 37917-7740",175027
4003,Memphis Area Transit Authority,MATA,Memphis,TN,us,www.matatransit.com,"1370 Levee Road, Memphis, TN, 38108",888627
4004,Metropolitan Transit Authority,MTA,Nashville,TN,us,www.nashvillemta.org,"130 Nestor Street, Nashville, TN, 37210",573294
4005,Asheville Transit System,ATS,Asheville,NC,us,www.ashevilletransit.com,"360 West Haywood Street, Asheville, NC, 28801",72789
4006,Cape Fear Public Transportation Authority,Wave,Wilmington,NC,us,www.wavetransit.com,", Wilmington, NC, 28402",55530
4007,Capital Area Transit,CAT,Raleigh,NC,us,www.raleigh-nc.org/transit,"1430 South Blount Street, Raleigh, NC, 27603",347729
4008,Charlotte Area Transit System,CATS,Charlotte,NC,us,www.ridetransit.org,"600 East Fourth Street, Charlotte, NC, 28202-2858",696837
4009,Fayetteville Area System of Transit,FAST,Fayetteville,NC,us,fayettevilleonline.com/fast/,"455 Grove Street, Fayetteville, NC, 28301",174000
4010,Gastonia Transit,Gastonia Transit,Gastonia,NC,us,www.cityofgastonia.com,", Gastonia, NC, 28053-1748",78000
4011,High Point Transit,Hi tran,High Point,NC,us,www.high-point.net/hitran,"716 West Kivett Drive, High Point, NC, 27262-6811",94973
4012,Winston-Salem Transit Authority - Trans-Aid of Forsyth County,WSTA,Winston-Salem,NC,us,www.cityofws.org/DOT/tp.html,"1060 North Trade Street, Winston-Salem, NC, 27101",199555
4014,Coast Transit Authority,CTA,Gulfport,MS,us,www.CoastTransit.com,"333 DeBuys Road, Gulfport, MS, 39507-3893",106592
4015,City of Jackson Transit System,JATRAN,Jackson,MS,us,www.city.jackson.ms.us,"200 South President Street, Jackson, MS, 39205",196000
4016,Ashland Bus System,ABS,Ashland,KY,us,www.ashlandky.org/abs.htm,"99 15th Street, Ashland, KY, 41105-1839",21981
4017,Lexington Transit Authority,LexTran,Lexington,KY,us,www.lextranonthemove.org,"109 West Loudon Avenue, Lexington, KY, 40508",210650
4018,Transit Authority of River City,TARC,Louisville,KY,us,www.ridetarc.org,"1000 West Broadway, Louisville, KY, 40203",754756
4019,Transit Authority of Northern Kentucky,TANK,Fort Wright,KY,us,www.tankbus.org,"3375 Madison Pike, Fort Wright, KY, 41017",269680
4020,Owensboro Transit System,OTS,Owensboro,KY,us,www.owensboro.org,"430 Allen Street, Owensboro, KY, 42302-9003",54000
4021,Albany Transit System,ATS,Albany,GA,us,www.albany.ga.us/ats/ats_index.htm,"712 Flint Avenue, Albany, GA, 31701",79939
4022,Metropolitan Atlanta Rapid Transit Authority,MARTA,Atlanta,GA,us,www.itsmarta.com,"2424 Piedmont Road, N.E., Atlanta, GA, 30324-3330",1574600
4023,Augusta Richmond County Transit Department,APT,Augusta,GA,us,www.augustaga.gov,"1535 Fenwick Street, Augusta, GA, 30904",210000
4024,Metra Transit System,Metra,Columbus,GA,us,www.metratransit.com,"814 Linwood Boulevard, Columbus, GA, 31902-1340",230208
4025,Chatham Area Transit Authority,CAT,Savannah,GA,us,www.catchacat.org,"900 East Gwinnett Street, Savannah, GA, 31401-9118",232048
4026,Manatee County Area Transit,MCAT,Bradenton,FL,us,www.mymanatee.org,"1108 26th Avenue, East, Bradenton, FL, 34208",103000
4027,Pinellas Suncoast Transit Authority,PSTA,St. Petersburg,FL,us,www.psta.net,"3201 Scherer Drive, St. Petersburg, FL, 33716",863796
4028,Lee County Transit,LeeTran,Fort Myers,FL,us,www.rideleetran.com,"6035 Landing View Road, Fort Myers, FL, 33907",451153
4029,Broward County Transportation Department,BCT,Pompano Beach,FL,us,www.broward.org/bct,"3201 West Copans Road, Pompano Beach, FL, 33069",1787636
4030,Gainesville Regional Transit System,RTS,Gainesville,FL,us,www.go-rts.com,"100 Southeast 10th Avenue, Gainesville, FL, 32601",149173
4031,Lakeland Area Mass Transit District,Citrus Connection,Lakeland,FL,us,www.ridecitrus.com,"1212 George Jenkins Boulevard, Lakeland, FL, 33802",110000
4032,"County of Volusia, dba: VOTRAN",Votran,South Daytona,FL,us,www.votran.org,"950 Big Tree Road, South Daytona, FL, 32119",468670
4034,Miami-Dade Transit,MDT,Miami,FL,us,www.miamidade.gov/transit,"701 NW 1st Court-17th Floor, Miami, FL, 33136",2402208
4035,Central Florida Regional Transportation Authority,LYNX,Orlando,FL,us,www.golynx.com,"455 North Garland Avenue, Orlando, FL, 32801-1128",1811366
4036,City of Tallahassee,StarMetro,Tallahassee,FL,us,www.talgov.com,"555 Appleyard Drive, Tallahassee, FL, 32304",162310
4037,"Board of County Commissioners, Palm Beach County, PalmTran, Inc.",PalmTran,West Palm Beach,FL,us,www.palmtran.org,"3201 Electronics Way, West Palm Beach, FL, 33407-4618",982900
4038,Escambia County Area Transit,ECAT,Pensacola,FL,us,www.goecat.com,"1515 West Fairfield Drive, Pensacola, FL, 32501-1128",307220
4040,Jacksonville Transportation Authority,JTA,Jacksonville,FL,us,www.jtafla.com,"100 North Myrtle Avenue, Jacksonville, FL, 32204",827453
4041,Hillsborough Area Regional Transit Authority,HART,Tampa,FL,us,www.gohart.org,"4305 East 21st Avenue, Tampa, FL, 33605-2311",821306
4042,Birmingham-Jefferson County Transit Authority,MAX,Birmingham,AL,us,www.bjcta.org,"1735 Morris Avenue, Birmingham, AL, 35203",662047
4043,The Wave Transit System,WTS,Mobile,AL,us,www.thewavetransit.com,"1224 West I-65 Service Road South, Mobile, AL, 36609",237329
4044,Montgomery Area Transit System,MATS,Montgomery,AL,us,www.montgomerytransit.com,"2318 West Fairview Avenue, Montgomery, AL, 36108-4157",201568
4045,Tuscaloosa County Parking and Transit Authority,TMT,Tuscaloosa,AL,us,www.uatrolley.org,"2450 Hargrove Road, East, Tuscaloosa, AL, 35405",125363
4046,Sarasota County Area Transit,SCAT,Sarasota,FL,us,www.scgov.net/scat,"5303 Pinkney Avenue, Sarasota, FL, 34233-2421",398854
4047,Athens Transit System,ATS,Athens,GA,us,www.athenstransit.com,"775 E. Broad St., Athens, GA, 30601",101000
4049,Gadsden Transportation Services - City of Gadsden,GTS,Gadsden,AL,us,www.cityofgadsden.com,"90 Broad Street, Gadsden, AL, 35902",38978
4051,Chapel Hill Transit,CHT,Chapel Hill,NC,us,www.chtransit.org,"405 Martin Luther King, Jr. Blvd., Chapel Hill, NC, 27514-5705",71069
4053,Greenville Transit Authority,GTA,Greenville,SC,us,www.greenvilletransit.com,"24 Vardry Street-Suite 105, Greenville, SC, 29601",248173
4054,Johnson City Transit System,JCT,Johnson City,TN,us,www.johnsoncitytransit.org,"137 West Market Street, Johnson City, TN, 37604",49381
4055,Bristol Tennessee Transit System,BTTS,Bristol,TN,us,www.bristoltn.org/,", Bristol, TN, 37621-1189",24821
4056,Pee Dee Regional Transportation Authority,PDRTA,Florence,SC,us,www.pdrta.org/,"313 Stadium Road, Florence, SC, 29503-2071",331000
4057,Jackson Transit Authority,JTA,Jackson,TN,us,www.ridejta.com,"241 East Deaderick Street, Jackson, TN, 38301",61772
4058,City of Rome Transit Department,RTD,Rome,GA,us,www.romega.us,"168 North Avenue, Rome, GA, 30161-1433",37000
4060,Hub City Transit,HCT,Hattiesburg,MS,us,www.hattiesburgms.com,"City of Hattiesburg, Hattiesburg, MS, 39403-1898",51084
4063,Space Coast Area Transit,SCAT,Cocoa,FL,us,www.ridescat.com,"401 South Varr Avenue, Cocoa, FL, 32922",554560
4064,East Alabama Regional Planning and Development Commission,EARPDC,Anniston,AL,us,www.earpdc.org,"1130 Quintard Avenue-Suite 300, Anniston, AL, 36202-2186",75840
4068,Northwest Alabama Council of Local Governments,NACOLG,Muscle Shoals,AL,us,www.nacolg.com,", Muscle Shoals, AL, 35662",81360
4071,"City of Huntsville, Alabama - Public Transportation Division",,Huntsville,AL,us,www.hsvcity.com,"500 Church Street-Suite B, Huntsville, AL, 35801-4999",127000
4073,Lee-Russell Council of Governments,LRCOG,Opelika,AL,us,www.lrcog.com,"2207 Gateway Drive, Opelika, AL, 36801",115092
4074,Pasco County Public Transportation,PCPT,Port Richey,FL,us,www.ridepcpt.com,"8620 Galen Wilson Boulevard, Port Richey, FL, 34668",437846
4077,South Florida Regional Transportation Authority,TRI-Rail,Pompano Beach,FL,us,tri-rail.com,"800 Northwest 33rd Street-Suite 100, Pompano Beach, FL, 33064",5448962
4078,Cobb County Department of Transportation Authority,CCT,Marietta,GA,us,www.cobbcounty.org,"463 Commerce Park Drive-Suite 112, Marietta, GA, 30060-2737",406069
4080,Kingsport Area Transit System,K.A.T.S.,Kingsport,TN,us,www.kingsporttransit.org,"225 West Center Street-109 Clay Street, Kingsport, TN, 37660-4237",34000
4081,Anderson Transit Authority,Electric City Transit,Anderson,SC,us,cityofandersonsc.com,"401 South Main Street, Anderson, SC, 29624",25514
4082,Douglas County Rideshare,Rideshare,Douglasville,GA,us,www.DouglasCountyRideshare.com,"Douglas County Transportation Cntr.-8800 Dorris Road, Douglasville, GA, 30134",125000
4085,Bay County Council On Aging Bay Coordinated Transportation,BCCOA,Panama City,FL,us,www.baycouncilonaging.org,"1116 Frankford Avenue, Panama City, FL, 32401",85458
4086,Metropolitan Bus Authority,MBA,San Juan,PR,us,www.dtop.gov.pr/AMA/Amahompg.htm,", San Juan, PR, 919-5349",1176968
4087,Durham Area Transit Authority,DATA,Durham,NC,us,www.durhamnc.gov,"1907 Fay Street, Durham, NC, 27704",187000
4088,Spartanburg County Transportation Services,sctsb,Spartanburg,SC,us,www.spartanburgcounty.org,"366 North Church Street-Suite 700, Spartanburg, SC, 29303",264230
4089,Phenix City Express,PEX,Opelika,AL,us,www.lrcog.com,"Lee-Russell Council of Governments-2207 Gateway Drive, Opelika, AL, 36801",28265
4090,Piedmont Wagon Transit System,PWTS,Hickory,NC,us,www.ci.hickory.nc.us,"76 North Center Street, Hickory, NC, 28601",56386
4092,Clarksville Transit System,CTS,Clarksville,TN,us,www.cityofclarksville.com,"430 Boillin Lane, Clarksville, TN, 37040",128741
4093,Greensboro Transit Authority,GTA,Greensboro,NC,us,www.greensboro-nc.gov,"300 East Friendly Avenue, Greensboro, NC, 27402-3136",235262
4094,Puerto Rico Highway and Transportation Authority,PRHTA,San Juan,PR,us,www.dtop.gov.pr,", San Juan, PR, 940-2007",1050346
4095,Greenville Area Transit,GREAT,Greenville,NC,us,www.greenvillenc.gov,"1500 Beatty Street, Greenville, NC, 27834",76000
4096,Tar River Transit,TRT,Rocky Mount,NC,us,http://www.ci.rocky-mount.nc.us/trt/,"331 South Franklin Street, Rocky Mount, NC, 27802-1180",60000
4097,"Council on Aging of St. Lucie, Inc.",CT,Fort Pierce,FL,us,www.treasurecoastconnector.com,"1505 Orange Avenue, Fort Pierce, FL, 34950",241305
4100,Santee Wateree Regional Transportation Authority,SWRTA,Sumter,SC,us,www.swrta.com/,"129 South Harvin Street, Sumter, SC, 29151-2462",209919
4101,Spartanburg Transit System,SPARTA,Spartanburg,SC,us,www.spartabus.com,"150 Airflow Drive, Spartanburg, SC, 29304-1607",70000
4102,Waccamaw Regional Transportation Authority,The Coast RTA,Conway,SC,us,www.coastrta.com,"1418 Third Avenue, Conway, SC, 29526",252426
4103,Wiregrass Transit Authority,,Dothan,AL,us,www.sanman.net/searpdc/searpdc.htm,"201 Depot St, Dothan, AL, 36302",90000
4104,"Senior Resource Association, Inc.",SRA,Vero Beach,FL,us,www.SeniorResourceAssociation.org,"694 14th Street, Vero Beach, FL, 32960",107700
4105,Department of Transportation and Public Works,DTPW,San Juan,PR,us,www.dtop.gov.pr,"Minillas Station, San Juan, PR, 940-1269",2216616
4108,Research Triangle Regional Public Transportation Authority,TTA,Research Triangle Park,NC,us,www.ridetta.org,"68 Alexander Drive, Research Triangle Park, NC, 27709",1002876
4110,Charleston Area Regional Transportation Authority,CARTA,Charleston,SC,us,www.ridecarta.com,"36 John Street, Charleston, SC, 29403",496107
4111,Morgan County Area Transportation System,MCATS,Decatur,AL,us,www.co.morgan.al.us,", Decatur, AL, 35602-668",111064
4112,City of San Juan,MSJ,San Juan,PR,us,www.SanJuanCapital.com,"Area of Operations and Engineering, San Juan, PR, 902-4100",437745
4113,"Council on Aging of Martin County, Inc.",COAMC \ CC - MCBOCC,Stuart,FL,us,www.COAMC.org,"1071 East 10th Street, Stuart, FL, 34996",137956
4114,Municipality of Aguada,,Aguada,PR,us,www.aguadapuertorico.com,"Colon Street, Aguada, PR, 602-517",35000
4115,Municipality of Caguas Planning Office,,Caguas,PR,us,www.caguas.gov.pr,"-Caguas PR, Caguas, PR, 726",50000
4117,Municipality of Vega Baja,DDEC,Vega Baja,PR,us,www.vegabaja.pr.gov,"#10 Blanco Sosa Street, Vega Baja, PR, 694-4555",61929
4120,"City of Ocala, Florida",SunTran,Ocala,FL,us,www.suntran.org,"121 Southeast Watula Avenue-P.O. Box 1270, Ocala, FL, 34478-1270",89638
4121,Municipality of Hormigueros,,Hormigueros,PR,us,www.hormiguerospr.net/,"#1 Mateo Fajardo Street, Hormigueros, PR, 660-97",16400
4122,Municipality of Cayey,Cayey,Cayey,PR,us,www.gobierno.pr/Cayey/Inicio/,"1Jose de Diego Avenue, Cayey, PR, 737-1330",47370
4124,Municipality of Cidra,MACPR,Cidra,PR,us,www.cidrapr.com,", Cidra, PR, 739-729",2385
4125,Autonomous Municipality of Carolina,GMAC,Carolina,PR,us,http://gmacpr.com/,", Carolina, PR, 986-8",186076
4126,Municipality of Humacao,SITRAH,Humacao,PR,us,,"Centro de Gobierno Municipal-Calle Ulises Martφnez Final, Humacao, PR, 792-178",25000
4127,Polk County Transit Services Division - Polk County Board of County Commissioners,PCTS,Bartow,FL,us,www.Polk-County.net,"1290 Golfview Avenue-Drawer HS09, Bartow, FL, 33831-9005",153924
4128,Okaloosa County Board of County Commissioners,,Fort Walton Beach,FL,us,www.okaloosa.fl.us,"600 Transit Way, Fort Walton Beach, FL, 32547",170498
4129,Charlotte County Transit Division,,Punta Gorda,FL,us,www.charlottefl.com,"25490 Airport Road, Punta Gorda, FL, 33950",163245
4130,Macon-Bibb County Transit Authority,,Macon,GA,us,www.mta-mac.com,"200 Cherry Street, Macon, GA, 31201",115255
4131,Davidson County Transportation,DCTS,Lexington,NC,us,www.co.davidson.nc.us,"925 North Main Street, Lexington, NC, 27293-1067",140000
4131,Davidson County Transportation,DCTS,Lexington,NC,us,www.co.davidson.nc.us,"925 North Main Street, Lexington, NC, 27293-1067",140000
4132,Goldsboro-Wayne Transportation Authority,GWTA,Goldsboro,NC,us,,", Goldsboro, NC, 27533",39000
4133,Guildford County Transportation,GCTAMS,Greensboro,NC,us,www.co.guilford.nc.us,"301 W. Market Street, Greensboro, NC, 27401",248111
4135,Georgia Regional Transportation Authority,GRTA,Atlanta,GA,us,www.grta.org,"245 Peachtree Center Ave. NE-Suite 800, Atlanta, GA, 30303-1223",1354871
4137,Municipality of Bayamon,,Bayamon,PR,us,www.municipiodebayamon.com,", Bayamon, PR, 960",50000
4138,Gwinnett County Board of Commissioners,GCT,Lawrenceville,GA,us,www.gwinnettcounty.com,"75 Langley Drive, Lawrenceville, GA, 30045-6900",583048
4140,Collier Area Transit,CAT,Naples,FL,us,www.colliergov.net,"8300 RADIO RD, Naples, FL, 34104",333858
4141,Central Midlands Regional Transit Authority,CMRTA,Columbia,SC,us,www.goCMRTA.com,", Columbia, SC, 29201-214",250000
4143,Town of Cary,CTRAN,Cary,NC,us,www.townofcary.org,"316 North Academy Street, Cary, NC, 27513",107973
4144,Hall Area Transit,HAT,Gainesville,GA,us,www.hallareatransit.com,"687 Main St, Gainesville, GA, 30501",31782
4145,Municipality of Manati,DCDH,Manati,PR,us,,"Quinones Street-City Hall #10, Manati, PR, 674",17833
4146,Hernando County Board of County Commissioners,The Bus,Brooksville,FL,us,www.hernandobus.com,"20 North Main Street, Room 262, Brooksville, FL, 34601-2807",164907
4147,NC State University Transportation Department,NCSU,Raleigh,NC,us,www.ncsu.edu/transportation,"2721 Sullivan Drive-CB 7221, Raleigh, NC, 27695-7221",40000
4148,"Tri-County Community Council, Inc.",TCCC,Bonifay,FL,us,,"302 North Oklahoma Street, Bonifay, FL, 32425",132400
4150,Municipal Government of Barceloneta,,Barceloneta,PR,us,WWW.BARCELONETAPR.NET,", Barceloneta, PR, 617-2049",22322
4151,Municipal Government of Hatillo,,Hatillo,PR,us,,", Hatillo, PR, 659",39000
4152,"Miami Lakes - VPSI, Inc.",,Miami Lakes,FL,us,www.vpsiinc.com,"14361 Commerce Way-Suite 303, Miami Lakes, FL, 33016",4919036
4153,"Marietta - VPSI, Inc.",,Marietta,GA,us,www.vpsiinc.com,"1343 Canton Rd, Marietta, GA, 30066",174680
4155,"St Johns County, Florida,  Board of County Commissioners",St Johns County,St. Augustine,FL,us,www.co.st-johns.fl.us/,"500 San Sebastian View, St. Augustine, FL, 32084",149300
4156,Lower Savannah COG,LSCOG,Aiken,SC,us,www.lscog.org,"2748 Wageneer Road, Aiken, SC, 29802-850",73000
4157,Clayton County Board of Commissioners,CTRAN,Jonesboro,GA,us,www.co.clayton.ga.us,"112 Smith Street, Jonesboro, GA, 30236",263900
4158,Lake County Board of County Commissioners,LCBOCC,Tavares,FL,us,www.lakecountyfl.gov,", Tavares, FL, 32778-7800",97497
4159,Regional Transportation Authority,RTA,Nashville,TN,us,www.rtarelaxandride.com,"501 Union Street-Sixth Floor, Nashville, TN, 37219-1705",1447856
4160,Municipality of Camuy,,Camuy,PR,us,,"PO Box  539, Camuy, PR, 627",35000
4161,Cherokee County Board of Commissioners,CATS,Canton,GA,us,www.cherokeega.com,"1130 Bluffs Parkway, Canton, GA, 30114",19158
4162,Franklin Transit Authority,FTA,Franklin,TN,us,www.franklintrolleys.org,"708 Columbia Avenue, Franklin, TN, 37065",42000
4163,Municipality of Catano,,Catano,PR,us,,"149 Barbosa Avenue, Catano, PR, 963",31071
4164,Municipality of Fajardo,,Fajardo,PR,us,www.fajardopr.org,"P.O. Box 865, Fajardo, PR, 738",300
4165,Municipality of Juncos,,Juncos,PR,us,,", Juncos, PR, 777",37000
4166,City of Jacksonville,Jacksonville Transit,Jacksonville,NC,us,www.ci.jacksonville.nc.us,"815 New Bridge Street, Jacksonville, NC, 28541-128",107000
4167,City of Concord,RIDER Transit System,Concord,NC,us,www.ci.concord.nc.us,"26 Union Street South, Concord, NC, 28026",112000
4168,Baldwin Rural Area Transportation System,BRATS,Robertsdale,AL,us,co.baldwin.al.us,", Robertsdale, AL, 36567",6000
4169,Regional Planning Commission of Greater Birmingham,RPCGB,Birmingham,AL,us,http://www.rpcgb.org/,"1731 1st Avenue North-Suite 200, Birmingham, AL, 35203",663615
4170,Southeast Tennessee Human Resource Agency,SETHRA,Dunlap,TN,us,www.sethra.us,"312 Resource Road-P.O. BOX 909, Dunlap, TN, 37327",38627
4171,Knoxville-Knox County Community Action Committee,Knox County CAC Transit,Knoxville,TN,us,www.knoxcac.org,", Knoxville, TN, 37950-1650",430019
4173,Piedmont Authority for Regional Transportation,PART,Greensboro,NC,us,www.PARTnc.org,"7800 Airport Center Drive-Suite 102, Greensboro, NC, 27409",1400000
4175,Maritime Transportation Authority of Puerto Rico,PRMTA,Fajardo,PR,us,,"Puerto Rico and the Municipal Islands, Fajardo, PR, 740-4305",433733
4177,Buckhead Community Improvement District,BCID,Atlanta,GA,us,bucride.com,"3340 Peachtree Road, NE-Suite 1640, Atlanta, GA, 30326",171000
4179,Broward County Community Bus Service,BCT,Pompano Beach,FL,us,www.broward.org/bct,"3201 West Copans Road, Pompano Beach, FL, 33069",1787636
5001,City of Appleton - Valley Transit,,Appleton,WI,us,www.appleton.org/vt,"801 S.Whitman Avenue, Appleton, WI, 54914",252477
5002,Green Bay Metro,GBM,Green Bay,WI,us,www.ci.green-bay.wi.us,"901 University Avenue, Green Bay, WI, 54302-1013",174760
5003,Kenosha Transit,KT,Kenosha,WI,us,www.kenosha.org,"4303 39th Avenue, Kenosha, WI, 53144",91500
5004,LaCrosse Municipal Transit Utility,La Crosse MTU,LaCrosse,WI,us,www.cityoflacrosse.org,"2000 Marco Drive, LaCrosse, WI, 54601",78000
5005,Metro Transit System,Metro,Madison,WI,us,www.mymetrobus.com,"1245 East Washington Avenue-Suite 201, Madison, WI, 53703",245181
5006,Belle Urban System - Racine,The Bus,Racine,WI,us,www.racinetransit.com,"730 Washington Avenue-Attn. Kathy Kasper, Racine, WI, 53403-1146",112100
5008,Milwaukee County Transit System,MCTS,Milwaukee,WI,us,www.ridemcts.com,"1942 North 17th Street, Milwaukee, WI, 53205",940164
5009,Oshkosh Transit System,OTS,Oshkosh,WI,us,www.ci.oshkosh.wi.us,"926 Dempsey Trail, Oshkosh, WI, 54902",65810
5010,Metro Regional Transit Authority,Metro,Akron,OH,us,www.akronmetro.org,"416 Kenmore Boulevard, Akron, OH, 44301",542899
5011,Stark Area Regional Transit Authority,SARTA,Canton,OH,us,www.sartaonline.com,"1600 Gateway Boulevard, S.E., Canton, OH, 44707-3595",378098
5012,Southwest Ohio Regional Transit Authority,SORTA / Metro,Cincinnati,OH,us,www.go-metro.com,"602 Main Street-Suite 1100, Cincinnati, OH, 45202-2549",845303
5015,The Greater Cleveland Regional Transit Authority,GCRTA,Cleveland,OH,us,www.riderta.com,"1240 West 6th Street, Cleveland, OH, 44113-1331",1412140
5016,Central Ohio Transit Authority,COTA,Columbus,OH,us,www.cota.com,"1600 McKinley Avenue, Columbus, OH, 43222",1057915
5017,Greater Dayton Regional Transit Authority,GDRTA,Dayton,OH,us,www.greaterdaytonrta.org,"4 South Main Street, Dayton, OH, 45402-2055",559062
5019,City of Middletown - Middletown Transit System,MTS,Middletown,OH,us,www.cityofmiddletown.org,"One Donham Plaza, Middletown, OH, 45042",49490
5020,Springfield City Area Transit,SCAT,Springfield,OH,us,www.scatrideline.com,"100 Jefferson Street, Springfield, OH, 45501-1265",73675
5021,Portage Area Regional Transportation Authority,PARTA,Kent,OH,us,www.partaonline.org,"2000 Summit Road, Kent, OH, 44240",155012
5022,Toledo Area Regional Transit Authority,TARTA,Toledo,OH,us,www.tarta.com,"1127 West Central Avenue, Toledo, OH, 43697-792",426230
5024,Western Reserve Transit Authority,WRTA,Youngstown,OH,us,www.wrtaonline.com,"604 Mahoning Avenue, Youngstown, OH, 44502",231911
5025,Duluth Transit Authority,DTA,Duluth,MN,us,www.duluthtransit.com,"2402 West Michigan Street, Duluth, MN, 55806-1822",122970
5026,City of Moorhead Transit,MAT,Moorhead,MN,us,www.ci.moorhead.mn.us,"500 Center Avenue, Moorhead, MN, 56561",38768
5027,Metro Transit,,Minneapolis,MN,us,www.metrotransit.org,"560 Sixth Avenue, North, Minneapolis, MN, 55411-4398",1761308
5028,St. Cloud Metropolitan Transit Commission,Metro Bus,St. Cloud,MN,us,www.stcloudmtc.com,"665 Franklin Avenue, N.E., St. Cloud, MN, 56304",99119
5029,Bay Metropolitan Transit Authority,Bay Metro,Bay City,MI,us,www.baymetro.com,"1510 North Johnson Street, Bay City, MI, 48708",110000
5030,Battle Creek Transit,BCT,Battle Creek,MI,us,www.battlecreektransit.com,"339 West Michigan, Battle Creek, MI, 49017",83000
5031,Suburban Mobility Authority for Regional Transportation,SMART,Detroit,MI,us,www.smartbus.org,"535 Griswold-Suite 600, Detroit, MI, 48226",3256233
5032,Mass Transportation Authority,MTA,Flint,MI,us,www.mtaflint.org,"1401 South Dort Highway, Flint, MI, 48503",436141
5033,Interurban Transit Partnership,The Rapid,Grand Rapids,MI,us,www.ridetherapid.org,"300 Ellsworth Avenue, S.W., Grand Rapids, MI, 49503-4005",482740
5034,City of Jackson Transportation Authority,JTA,Jackson,MI,us,www.jacksontransit.com,"2350 East High Street, Jackson, MI, 49203-3490",158000
5035,Kalamazoo Metro Transit System,Metro Transit,Kalamazoo,MI,us,www.kalamazoocity.org,"530 North Rose Street, Kalamazoo, MI, 49007",184861
5036,Capital Area Transportation Authority,CATA,Lansing,MI,us,www.cata.org,"4615 Tranter Avenue, Lansing, MI, 48910",276898
5037,Muskegon Area Transit System,MATS,Muskegon Heights,MI,us,www.matsbus.com,"2624 Sixth Street, Muskegon Heights, MI, 49444",170200
5038,Niles Dial-A-Ride,DART,Niles,MI,us,http://www.ci.niles.mi.us/DeptsAndServices/NilesDialARide/DialARide.htm,"623 North Second Street, Niles, MI, 49120",237932
5039,Saginaw Transit Authority Regional Service,STARS,Saginaw,MI,us,www.saginaw-stars.com,"615 Johnson Street-301 East Genesee, Suite 100, Saginaw, MI, 48607-1575",127000
5040,Ann Arbor Transportation Authority,AATA,Ann Arbor,MI,us,www.aata.org,"2700 South Industrial Highway, Ann Arbor, MI, 48104",204530
5041,City of Anderson Transportation System,CATS,Anderson,IN,us,www.cityofanderson.com/CATS,"120 East Eighth Street-530 Baxter Road, Anderson, IN, 46016",59734
5042,East Chicago Transit,ECT,East Chicago,IN,us,www.eastchicago.com,"5400 Cline Avenue, East Chicago, IN, 46312",33892
5043,Metropolitan Evansville Transit System,METS,Evansville,IN,us,www.evansvillegov.org/Index.aspx?page=57,"601 John Street, Evansville, IN, 47713",121582
5044,Fort Wayne Public Transportation Corporation,Citilink,Fort Wayne,IN,us,www.fwcitilink.com,"801 Leesburg Road, Fort Wayne, IN, 46808-2571",248637
5045,Gary Public Transportation Corporation,GPTC,Gary,IN,us,www.gptcbus.com,"100 West 4th Avenue, Gary, IN, 46402",102746
5047,Bloomington-Normal Public Transit System,B-NPTS,Bloomington,IL,us,www.b-npts.com,"104 East Oakland Avenue, Bloomington, IL, 61701",117156
5048,Northwest Indiana Community Action Corporation,NWICA,Crown Point,IN,us,www.nwi-ca.com,"5240 Fountain Drive, Crown Point, IN, 46307",848604
5050,Indianapolis and Marion County Public Transportation,IndyGo,Indianapolis,IN,us,www.indygo.net,"1501 West Washington Street, Indianapolis, IN, 46222",791926
5051,Greater Lafayette Public Transportation Corporation,CityBus,Lafayette,IN,us,www.gocitybus.com,"1250 Canal Road, Lafayette, IN, 47902-588",108500
5052,South Bend Public Transportation Corporation,Transpo,South Bend,IN,us,www.sbtranspo.com,"901 East Northside Boulevard, South Bend, IN, 46617",154346
5053,Terre Haute Transit Utility,THTU,Terre Haute,IN,us,www.terrehaute.in.gov,"901 South 14th Street, Terre Haute, IN, 47807",59614
5054,Muncie Indiana Transit System,MITS,Muncie,IN,us,www.mitsbus.org,"1300 East Seymour Street, Muncie, IN, 47302",67430
5056,Greater Peoria Mass Transit District,CityLink,Peoria,IL,us,www.ridecitylink.org,"2105 Northeast Jefferson Street, Peoria, IL, 61603-3587",207795
5057,Rock Island County Metropolitan Mass Transit District,MetroLink,Moline,IL,us,www.qcmetrolink.com,"1515 River Drive, Moline, IL, 61265",119657
5058,Rockford Mass Transit District,RMTD,Rockford,IL,us,www.rmtd.org,"520 Mulberry Street, Rockford, IL, 61101-1016",216338
5059,Springfield Mass Transit District,SMTD,Springfield,IL,us,www.smtd.org,"928 South Ninth Street, Springfield, IL, 62703-2497",132100
5060,Champaign-Urbana Mass Transit District,C-U MTD,Urbana,IL,us,www.cumtd.com,"1101 East University Avenue, Urbana, IL, 61802-2009",123484
5061,Decatur Public Transit System,DPTS,Decatur,IL,us,www.decaturil.gov,"555 East Wood Street, Decatur, IL, 62523-1325",86080
5065,Pekin Municipal Bus Service,COP,Pekin,IL,us,ci.pekin.il.us,"1130 Koch Street, Pekin, IL, 61554",33000
5066,Chicago Transit Authority,CTA,Chicago,IL,us,www.transitchicago.com,"567 West Lake Street, Chicago, IL, 60680-7565",3763791
5088,Sheboygan Transit System,,Sheboygan,WI,us,www.sheboygantransit.com,"608 South Commerce Street, Sheboygan, WI, 53081-4356",59490
5090,Richland County Transit,RCT,Mansfield,OH,us,www.rcrpc.org/RCT/routes.html,"35 North Park Street, Mansfield, OH, 44902",68011
5091,Wausau Area Transit System,WATS,Wausau,WI,us,http://metroride.ci.wausau.wi.us,"420 Plumer Street, Wausau, WI, 54403-6276",45513
5092,City of Rochester Public Transportation,,Rochester,MN,us,www.rochestermn.gov,"201 4th Street, S.E.-Room 108, Rochester, MN, 55904",104230
5093,Allen County Regional Transit Authority,ACRTA,Lima,OH,us,www.acrta.com,"200 East High Street-Suite 2A, Lima, OH, 45801",41578
5095,Lorain County Transit,LCT,Elyria,OH,us,www.loraincounty.us,"226 Middle Avenue, Elyria, OH, 44035",193000
5096,City of Waukesha Transit Commission,Waukesha Metro Transit,Waukesha,WI,us,www.waukeshametro.org,"2311 Badger Drive, Waukesha, WI, 53188-5932",540000
5098,Michigan City Transit,MC Transit,Michigan City,IN,us,emichigancity.com,"1801 Kentucky Street, Michigan City, IN, 46360",32564
5099,Eau Claire Transit,ECT,Eau Claire,WI,us,www.ci.eau-claire.wi.us,"910 Forest Street, Eau Claire, WI, 54703",69300
5102,Hammond Transit System,HTS,Hammond,IN,us,www.gohammond.com,"425 Sibley Street, Hammond, IN, 46320",83048
5103,North Township of Lake County Dial-A-Ride,,Hammond,IN,us,www.northtownshiptrustee.com,"5947 Hohman Avenue, Hammond, IN, 46320",165656
5104,Northern Indiana Commuter Transportation District,NICTD,Chesterton,IN,us,www.nictd.com,"33 East U.S. Highway 12, Chesterton, IN, 46304",958644
5107,Henderson Area Rapid Transit,HART,Henderson,KY,us,www.cityofhendersonky.org/cityservices/rapidtransit.htm,", Henderson, KY, 42419-716",27000
5108,Janesville Transit System,JTS,Janesville,WI,us,www.ci.janesville.wi.us,"900 North Parker Drive, Janesville, WI, 53545-710",62540
5109,City of Beloit Transit System,BTS,Beloit,WI,us,www.beloittransit.com,"1225 Willowbrook Road, Beloit, WI, 53511",35871
5110,Bloomington Public Transportation Corporation,BT,Bloomington,IN,us,www.bloomingtontransit.com,"130 West Grimes Lane, Bloomington, IN, 47403",69291
5113,Pace - Suburban Bus Division,PACE,Arlington Heights,IL,us,www.pacebus.com,"550 West Algonquin Road, Arlington Heights, IL, 60005",8091720
5117,Laketran,,Grand River,OH,us,www.laketran.com,"555 Lake Shore Blvd, Grand River, OH, 44045-158",227511
5118,Northeast Illinois Regional Commuter Railroad Corporation,Metra,Chicago,IL,us,Metrarail.com,"547 West Jackson Boulevard, Chicago, IL, 60661",7261176
5119,City of Detroit Department of Transportation,DDOT,Detroit,MI,us,www.ci.detroit.mi.us/DDOT,"1301 East Warren, Detroit, MI, 48207",951270
5131,"Opportunity Enterprises, Inc.",OE,Valparaiso,IN,us,www.oppent.org,"2801 Evans Avenue, Valparaiso, IN, 46383",160105
5132,Twin Cities Area Transportation Authority,TCATA,Benton Harbor,MI,us,,"275 East Wall Street, Benton Harbor, MI, 49022-837",24700
5133,Chippewa Falls General Public Shared-Ride Taxi System,CFTN,Chippewa Falls,WI,us,www.chippewafalls-wi.gov,"30 West Central Street, Chippewa Falls, WI, 54729",13515
5138,City of Newark Transit Operations,,Newark,OH,us,www.earthworkstransit.org,"40 West Main Street-First Floor, Newark, OH, 43055-5521",54806
5141,Detroit Transportation Corporation,Detroit People Mover,Detroit,MI,us,www.thepeoplemover.com,"1420 Washington Boulevard-Third Floor, Detroit, MI, 48226",92477
5142,Steel Valley Regional Transit Authority,Steel Valley RTA,Steubenville,OH,us,www.bhjmpc.org/Transportation/Transit/svrta.htm,"555 Adams Street, Steubenville, OH, 43952",68726
5143,Brunswick Transit Alternative,BTA,Brunswick,OH,us,www.brunswick.oh.us,"4095 Center Road, Brunswick, OH, 44212",46638
5145,City of Kokomo,COK,Kokomo,IN,us,www.cityofkokomo.org,"100 South Union Street, Kokomo, IN, 46901-4632",69682
5146,Madison County Transit District,MCT,Granite City,IL,us,www.mct.org/,"One Transit Way, Granite City, IL, 62040-7500",232298
5148,Blue Water Area Transportation Commission,Blue Water Area Transit,Port Huron,MI,us,www.bwbus.com,"2021 Lapeer Avenue, Port Huron, MI, 48060-4155",164235
5149,Michiana Area Council of Governments,MACOG,South Bend,IN,us,www.macog.com,"227 West Jefferson Boulevard-County-City Building, Room 1120, South Bend, IN, 46601",130866
5152,Onalaska Shared Ride Taxi City of Onalaska,,Onalaska,WI,us,www.cityofonalaska.com,"415 Main Street, Onalaska, WI, 54650-2953",29176
5154,Metropolitan Council,,St. Paul,MN,us,www.metrocouncil.org,"390 Robert St N, St. Paul, MN, 55101-1634",2401378
5155,Metro Mobility,,St. Paul,MN,us,www.metrocouncil.org,"Metropolitan Council-390 North Robert Street, St. Paul, MN, 55101-1805",2314701
5157,Butler County Regional Transit Authority,BCRTA,Hamilton,OH,us,www.butlercountyshuttle.org,"3045 Moser Court-Hamilton Enterprise Park, Hamilton, OH, 45011",332807
5158,University of Michigan Parking and Transportation Services,UMTS,Ann Arbor,MI,us,www.pts.umich.edu,"777 North University-Campus Box 1611, Ann Arbor, MI, 48104-1611",64000
5159,River Valley Metro Mass Transit District,RVMMTD,Bourbonnais,IL,us,www.rivervalleymetro.com,"1137 E. 5000 N. Road, Bourbonnais, IL, 60914",63686
5160,Washington County Transit,,West Bend,WI,us,www.co.washington.wi.us,"900 Lang Street, West Bend, WI, 53090",127871
5161,Ozaukee County Transit Services,OCT,Port Washington,WI,us,www.ozaukeetransit.com,"410 South Spring Street, Port Washington, WI, 53074",86389
5162,Transporte,,Laporte,IN,us,www.cityoflaporte.com,"102 L Street, Laporte, IN, 46350-9082",21692
5163,Licking County Transit Board,LCTB,Newark,OH,us,www.lcounty.com,"763 East Main Street, Newark, OH, 43055",90685
5164,Sandusky Transit System,STS,Sandusky,OH,us,www.ci.sandusky.oh.us,"City of Sandusky-222 Meigs Street, Sandusky, OH, 44870",47000
5165,Greene County Transit Board,Greene CATS,Xenia,OH,us,www.co.greene.oh.us/greenecats,"571 Ledbetter Rd., Xenia, OH, 45385",147886
5166,Clermont Transportation Connection,CTC,Batavia,OH,us,http://ctc.clermontcountyohio.gov/,"4003 Filager Road, Batavia, OH, 45103-8924",178000
5167,"South Lake County Community Services, Inc.",SLCCS,Crown Point,IN,us,,"1450 E. Joliet Street-Suite 202, Crown Point, IN, 46307",130000
5168,Clinton Area Transit System,Clinton Transit,St. Johns,MI,us,,"304 N. Brush St., St. Johns, MI, 48879",74753
5169,Miami County Public Transit,MCPT,Troy,OH,us,co.miami.oh.us,"510 West Water Street-Suite 150, Troy, OH, 45373-2984",99219
5171,Fond du Lac Area Transit,Fond du Lac Area Transit,Fond du Lac,WI,us,ci.fond-du-lac.wi.us,"530 North Doty Street, Fond du Lac, WI, 54935-1945",48250
5174,City of Danville/Danville Mass Transit,DMT,Danville,IL,us,www.cityofdanville.org,"101 North Jackson, Danville, IL, 61832",49192
5175,Niles Trumbull Transit,NiTTS,Niles,OH,us,www.thecityofniles.com,"34 West State Street, Niles, OH, 44446",225116
5176,City of DeKalb,DSATS,DeKalb,IL,us,www.cityofdekalb.com,"200 South Fourth Street, DeKalb, IL, 60115-3733",55805
5177,ColumBUS Transit,ColumBUS,Columbus,IN,us,www.columbus.in.gov/transit-index.html,"Columbus City Garage-2250 Kreutzer Drive, Columbus, IN, 47201",39000
5179,"Porter County Agency and Community Services, Inc.",PCACS,Valparaiso,IN,us,www.portercountyacs.org,"1005 Campbell, Valparaiso, IN, 46385-6385",165000
5180,Livingston Essential Transportation Service,LETS,Howell,MI,us,www.co.livingston.mi.us/LETS,"3950 W. Grand River Avenue, Howell, MI, 48855",187000
5181,City of Grand Haven Harbor Transit,,Grand Haven,MI,us,www.grandhaven.org/Grand-Haven-City-Hall/departments/harbor-transit,"440  North Ferry Street, Grand Haven, MI, 49417-1124",16722
5182,"Pace-Suburban Bus Division, ADA Paratransit Services",PACE,Arlington Heights,IL,us,www.pacebus.com,"550 West Algonquin Road, Arlington Heights, IL, 60005",7009445
5183,City of Valparaiso,,Valparaiso,IN,us,www.valpo.us,"166 Lincolnway, Valparaiso, IN, 46383",30000
5184,Macatawa Area Express Transportation Authority,MAX,Holland,MI,us,www.catchamax.org,"171 Lincoln Avenue-Suite 20, Holland, MI, 49423",69764
6001,Amarillo City Transit,ACT,Amarillo,TX,us,www.ci.amarillo.tx.us,"801 East 23rd, Amarillo, TX, 79105-1971",174759
6006,Mass Transit Department - City of El Paso,Sun Metro,El Paso,TX,us,www.elpasotexas.gov,"700 A San Francisco Street, El Paso, TX, 79901-1060",609415
6007,Fort Worth Transportation Authority,The T,Fort Worth,TX,us,www.the-t.com,"1600 East Lancaster, Fort Worth, TX, 76102-6720",713600
6008,"Metropolitan Transit Authority of Harris County, Texas",Metro,Houston,TX,us,www.ridemetro.org,"1900 Main, Houston, TX, 77208-1429",2796994
6009,"Laredo Transit Management, Inc.",El Metro,Laredo,TX,us,www.ci.laredo.tx.us,"1301 Farragut Street-3rd Floor, West, Laredo, TX, 78040",176576
6010,"City Transit Management Company, Inc.",Citibus,Lubbock,TX,us,www.citibus.com,"801 Texas Ave, Lubbock, TX, 79457-1",199564
6011,VIA Metropolitan Transit,VIA,San Antonio,TX,us,www.viainfo.net,"800 West Myrtle, San Antonio, TX, 78212",1528466
6012,"Waco Transit System, Inc.",WTS,Waco,TX,us,www.waco-texas.com,"301 South 8th Street, Suite 100, Waco, TX, 76701",117241
6013,Port Arthur Transit,PAT,Port Arthur,TX,us,www.portarthur.net,"320 Dallas Avenue, Port Arthur, TX, 77641-1089",57755
6014,City of Brownsville - Brownsville Urban System,BUS,Brownsville,TX,us,bus.cob.us,"700 Jose Colunga, Jr., Street, Brownsville, TX, 78521",139722
6015,Island Transit,I T,Galveston,TX,us,www.islandtransit.net,"3115 Market Street, Galveston, TX, 77550",33491
6016,Beaumont Municipal Transit System,BMT,Beaumont,TX,us,www.beaumonttransit.com,"550 Milam Street, Beaumont, TX, 77701",82731
6017,Central Oklahoma Transportation and Parking Authority,COTPA,Oklahoma City,OK,us,www.gometro.org,"300 Southwest 7th Street, Oklahoma City, OK, 73109-5320",650221
6018,Metropolitan Tulsa Transit Authority,MTTA,Tulsa,OK,us,www.tulsatransit.org,"510 South Rockford, Tulsa, OK, 74120",486665
6019,ABQ Ride,,Albuquerque,NM,us,www.cabq.gov,"100 First Street SW, Albuquerque, NM, 87102",498000
6020,Crescent City Connection Division - Louisiana Department of Transportation,CCCD,New Orleans,LA,us,www.dotd.state.la.us/operations/cccd/home.asp,"2001 Mardi Gras Boulevard, New Orleans, LA, 70174",1007369
6022,Capital Area Transit System,CATS,Baton Rouge,LA,us,www.brcats.com,"2250 Florida Boulevard, Baton Rouge, LA, 70802",430317
6023,Lake Charles Transit System,LCTS,Lake Charles,LA,us,www.cityoflakecharles.com,"4331 East Broad Street, Lake Charles, LA, 70615-900",77000
6024,Shreveport Area Transit System,SporTran,Shreveport,LA,us,www.sportran.org,"1115 Jack Wells Boulevard, Shreveport, LA, 71107",256606
6025,City of Alexandria,Atrans,Alexandria,LA,us,www.cityofalexandriala.com,"2021 Industrial Park Road, Alexandria, LA, 71309-71",60171
6026,City of Monroe Transit System,MTS,Monroe,LA,us,www.mtsbus.org,"700 Washington Street, Monroe, LA, 71201",55000
6032,New Orleans Regional Transit Authority,NORTA,New Orleans,LA,us,www.norta.com,"2817 Canal Street, New Orleans, LA, 70119",195000
6033,Central Arkansas Transit Authority,CATA,North Little Rock,AR,us,www.cat.org,"901 Maple Street, North Little Rock, AR, 72114",165615
6034,Pine Bluff Transit,PBT,Pine Bluff,AR,us,www.cityofpinebluff.com/pbtransit/,"2300 East Harding, Pine Bluff, AR, 71601",45000
6035,Wichita Falls Transit System,,Wichita Falls,TX,us,www.cwftx.net,"2100 Seymour Highway, Wichita Falls, TX, 76301",104197
6038,Lafayette Transit System,LTS,Lafayette,LA,us,www.lafayettela.gov,"100 Lee Avenue, Lafayette, LA, 70502",142031
6040,Abilene Transit System,CityLink,Abilene,TX,us,www.abilenetx.com/citylink/,"1189 South 2nd Street, Abilene, TX, 79602",107051
6041,Handitran Special Transit Division - City of Arlington,Handitran,Arlington,TX,us,www.handitran.com,"1101 West Main Street, Arlington, TX, 76004-3231",367461
6048,Capital Metropolitan Transportation Authority,CMTA,Austin,TX,us,www.capmetro.org,"2910 East Fifth Street, Austin, TX, 78702",1170276
6049,Las Cruces Area Transit,RoadRUNNER,Las Cruces,NM,us,http://www.las-cruces.org/public-services/roadrunner/index.shtm,"City of Las Cruces, Las Cruces, NM, 88004-2380",90590
6051,Corpus Christi Regional Transportation Authority,The B,Corpus Christi,TX,us,www.ccrta.org,"5658 Bear Lane, Corpus Christi, TX, 78405",317015
6056,Dallas Area Rapid Transit,DART,Dallas,TX,us,www.dart.org,"1401 Pacific Avenue, Dallas, TX, 75202-7226",2404050
6058,St. Bernard Urban Rapid Transit,SBURT,Chalmette,LA,us,sbpg.net,"8201 West Judge Perez Drive, Chalmette, LA, 70043",67000
6059,Brazos Transit District,The District,Bryan,TX,us,www.btd.org,"1759 North Earl Rudder Freeway, Bryan, TX, 77803",132500
6062,"University of Arkansas, Fayetteville",Razorback Transit,Fayetteville,AR,us,www.uark.edu/depts/parking,"155 Razorback Road-ADSB 131, Fayetteville, AR, 72701",58047
6068,City of Grand Prairie Transportation Services Department,Grand Connection,Grand Prairie,TX,us,www.gptx.org,"206 West Church Street, Grand Prairie, TX, 75050-4045",134450
6070,City of Mesquite,MTED,Mesquite,TX,us,www.cityofmesquite.com,"1515 N. Galloway Ave., Mesquite, TX, 75185-137",131000
6072,Ozark Regional Transit,ORT,Springdale,AR,us,www.ozark.org,"2423 East Robinson Avenue, Springdale, AR, 72765-785",172500
6077,Santa Fe Trails - City of Santa Fe,SFT,Santa Fe,NM,us,www.santafenm.gov,"2931 Rufina Street, Santa Fe, NM, 87507",75500
6080,Terrebonne Parish Consolidated Government,Good Earth Transit,Houma,LA,us,www.tpcg.org,"1 McCord Rd., Houma, LA, 70361-6097",56613
6081,Longview Transit,,Longview,TX,us,www.longviewtransit.com,"908 Pacific Ave Suite 200, Longview, TX, 75605",67163
6082,The Gulf Coast Center,Connect Transit,Texas City,TX,us,www.gcmhmr.com,"4352 E. F. Lowry Expressway, Texas City, TX, 77591",437155
6084,"Dallas - VPSI, Inc.",,Arlington,TX,us,www.vpsiinc.com,"624 Six Flags Drive-Suite 220, Arlington, TX, 76011",504350
6086,Fort Smith Transit,FST,Fort Smith,AR,us,www.fortsmithar.gov,"6821 Jenny Lind, Fort Smith, AR, 72902-1908",80268
6088,Jefferson Parish Department of Transit Administration,Jet,Gretna,LA,us,www.jeffersontransit.org,"21 Westbank Expressway, Gretna, LA, 70053",438765
6089,City of Tyler,TMT,Tyler,TX,us,www.tylertexas.com,"212 North Bonner, Tyler, TX, 75710",83650
6090,Lower Rio Grande Valley Development Council,LRGVDC,McAllen,TX,us,www.lrgvdc.org,"311 North 15th Street, McAllen, TX, 78501-4705",522686
6091,Hill Country Transit District,The Hop,San Saba,TX,us,www.takethehop.com,"2905 West Wallace Street, San Saba, TX, 76877",395300
6093,Texarkana Urban Transit District,T Line,Texarkana,TX,us,www.tutd.org,"818 Elm Street, Texarkana, TX, 75501",55900
6094,The Lawton Area Transit System,LATS,Lawton,OK,us,www.ridelats.com,"609 Southwest Bishop Road, Lawton, OK, 73502",70177
6095,Golden Crescent Regional Planning Commission,VICTORIA TRANSIT,Victoria,TX,us,www.gcrpc.org,"568 Big Bend Drive, Victoria, TX, 77904",60603
6096,Cleveland Area Rapid Transit,CART,Norman,OK,us,cart.ou.edu,"731 Elm Avenue-Robertson Hall 318, Norman, OK, 73019",96782
6097,Midland-Odessa Urban Transit District,EZ RIDER,Odessa,TX,us,www.ez-rider.org,"8007 East Highway 80, Odessa, TX, 79765",96000
6099,City of McAllen - McAllen Express Transit,MET,McAllen,TX,us,www.mcallen.net,"1501 W. Buisness Hwy 83, McAllen, TX, 78501",106414
6100,Red Apple Transit,COF,Farmington,NM,us,www.fmtn.org,"800 Municipal Drive, Farmington, NM, 87401",52000
6101,Denton County Transportation Authority,DCTA,Lewisville,TX,us,www.dcta.net,"1660 S. Stemmons Suite 250, Lewisville, TX, 75067",234552
6102,Concho Valley Transit District,CVTD,San Angelo,TX,us,www.cvcog.org,"2801 W Loop 306-Suite A, San Angelo, TX, 76904",88128
6103,Fort Bend County Public Transportation,Fort Bend Transit,Sugar Land,TX,us,www.FortBendCountyGov.com,"12550 Emily Court-Suite 400, Sugar Land, TX, 77478",463650
6104,Jonesboro Economical Transportation System,JETS,Jonesboro,AR,us,www.ridejets.com,"110 S. Gee Street, Jonesboro, AR, 72403-1845",51804
6105,Intracity Transit,Intracity Transit,Hot Springs,AR,us,www.cityhs.net,"100 Broadway Terrace, Hot Springs, AR, 71901-5411",38662
6107,"Texoma Area Paratransit System, Inc",TAPS,Sherman,TX,us,www.tapsbus.com,"6104 Texoma Parkway, Sherman, TX, 75090",265595
7001,StarTran,,Lincoln,NE,us,www.lincoln.ne.gov/,"710 J Street, Lincoln, NE, 68508",248744
7002,Transit Authority of Omaha,MAT,Omaha,NE,us,www.metroareatransit.com,"2222 Cuming Street, Omaha, NE, 68102-4392",579212
7003,City Utilities of Springfield,The Bus,Springfield,MO,us,www.cityutilities.net,"Transit Services-1505 North Boonville Avenue, Springfield, MO, 65803",155000
7005,Kansas City Area Transportation Authority,KCATA,Kansas City,MO,us,www.kcata.org,"1200 East 18th Street, Kansas City, MO, 64108",781159
7006,Bi-State Development Agency,METRO,St. Louis,MO,us,www.metrostlouis.org,"707 North First Street, St. Louis, MO, 63102",1560000
7007,Bettendorf Transit System,,Bettendorf,IA,us,www.bettendorf.org/department/?fDD=22-0,"1609 State Street, Bettendorf, IA, 52722",31890
7008,Cedar Rapids Transit,CRT,Cedar Rapids,IA,us,www.cedar-rapids.org/transit/,"427 8th St NW, Cedar Rapids, IA, 52405-3801",97716
7009,Davenport Public Transit,CITIBUS,Davenport,IA,us,www.cityofdavenportiowa.com,"226 West Fourth Street, Davenport, IA, 52801",98900
7010,Des Moines Area Regional Transit Authority,DART,Des Moines,IA,us,www.ridedart.com,"1100 DART Way, Des Moines, IA, 50309-4530",369143
7011,City of Dubuque,KeyLine,Dubuque,IA,us,www.dbq.com,"2401 Central Avenue, Dubuque, IA, 52001-3302",58000
7012,Sioux City Transit System,SCTS,Sioux City,IA,us,www.sioux-city.org/dept/index.asp?deptnum=22,"2505 Fourth Street, Sioux City, IA, 51102-447",102798
7013,Metropolitan Transit Authority of Black Hawk County,MET Transit,Waterloo,IA,us,www.mettransit.org/,"1515 Black Hawk Street, Waterloo, IA, 50702",109418
7014,Topeka Metropolitan Transit Authority,Topeka Transit - TMTA,Topeka,KS,us,www.TopekaTransit.com,"201 North Kansas Avenue, Topeka, KS, 66603-3622",122377
7015,Wichita Transit,WT,Wichita,KS,us,www.wichita.gov,"777 East Waterman, Wichita, KS, 67202",386046
7016,Columbia Transit,CT,Columbia,MO,us,www.gocolumbiamo.com/PublicWorks/Transportation,"701 East Broadway, Columbia, MO, 65205-6015",57000
7018,Iowa City Transit,ICT,Iowa City,IA,us,www.icgov.org,"410 East Washington Street, Iowa City, IA, 52240-1825",67026
7019,University of Iowa,Cambus,Iowa City,IA,us,www.uiowa.edu/~cambus/,"100 Cambus Office, Iowa City, IA, 52242-1000",71372
7030,Coralville Transit System,CTS,Coralville,IA,us,www.coralville.org,", Coralville, IA, 52241-127",17811
7032,St. Joseph Transit,The Ride,St. Joseph,MO,us,www.stjoemo.info/publicworks/transit.cfm,"702 South 5th Street, St. Joseph, MO, 64501",73990
7033,City of Lawrence - Lawrence Transit System,,Lawrence,KS,us,www.lawrencetransit.org,"933 New Hampshire Street, Lawrence, KS, 66044",90000
7035,"Johnson County Kansas, aka: Johnson County Transit",The JO,Olathe,KS,us,www.thejo.com,"1701 West 56 Highway, Olathe, KS, 66061",262455
7037,City of Liberty,Liberty Access,Liberty,MO,us,WWW.CI.LIBERTY.MO.US,"101 East Kansas, Liberty, MO, 64068",27000
7038,City of Olathe,,Olathe,KS,us,www.olatheks.org,"100 East Santa Fe, Olathe, KS, 66051-768",125000
7040,City of Joplin Metro Area Public,MAPS,Joplin,MO,us,joplinmo.org,"602 S. Main Street, Joplin, MO, 64801",75000
7041,Ames Transit Agency,CyRide,Ames,IA,us,www.cyride.com,"1700 University Blvd., Ames, IA, 50010",50276
7043,City of Jefferson,JEFFTRAN,Jefferson City,MO,us,www.jeffcitymo.org/transit,"320 East McCarty Street, Jefferson City, MO, 65101",40214
7044,Parking & Transit Department,,Lawrence,KS,us,www.parkandride.ku.edu,"University of Kansas-1501 Irving Hill Road, Lawrence, KS, 66045",30000
7045,Johnson County SEATS,,Coralville,IA,us,,"2000 James Street, Coralville, IA, 52241",125692
8001,Utah Transit Authority,UTA,Salt Lake City,UT,us,www.rideuta.com,"3600 South 700 West, Salt Lake City, UT, 84130",1744417
8002,Su Tran LLC dba: Sioux Falls Transit,,Sioux Falls,SD,us,www.siouxfalls.org,"500 East Sixth Street, Sioux Falls, SD, 57103-7016",144000
8003,Fargo Metropolitan Area Transit,MAT,Fargo,ND,us,www.ci.fargo.nd.us,"502 Northern Pacific Avenue, Fargo, ND, 58102",125000
8004,Billings Metropolitan Transit,Billings MET Transit,Billings,MT,us,www.mettransit.com,"1705 Monad Road, Billings, MT, 59103-1178",100000
8005,Mountain Metropolitan Transit,MMT,Colorado Springs,CO,us,www.springsgov.com,"1015 Transit Drive, Colorado Springs, CO, 80903",438000
8006,Denver Regional Transportation District,RTD,Denver,CO,us,www.rtd-Denver.com,"1600 Blake Street, Denver, CO, 80202",2619000
8007,Pueblo Transit System,PT,Pueblo,CO,us,www.pueblo.us,"350 South Grand Avenue, Pueblo, CO, 81003",103805
8008,Cities Area Transit,CAT,Grand Forks,ND,us,www.grandforksgov.com/bus,"867 South 48th Street, Grand Forks, ND, 58206-5200",56534
8009,Missoula Urban Transportation District,Mountain Line,Missoula,MT,us,www.mountainline.com,"1221 Shakespeare, Missoula, MT, 59802",69999
8010,City of Greeley - Transit Services,GET,Greeley,CO,us,www.GreeleyEvansTransit.com,"1200 A Street, Greeley, CO, 80631",93000
8011,Transfort,,Fort Collins,CO,us,www.fcgov.com/transfort,"6570 Portner Road, Fort Collins, CO, 80525",118652
8012,Great Falls Transit District,GFTD,Great Falls,MT,us,www.gftransit.com,"3905 North Star Boulevard, Great Falls, MT, 59403-2353",63000
8013,City of Casper,,Casper,WY,us,www.casperareatransportation.com,"200 N David, Casper, WY, 82601",57561
8014,Rapid Transit System,,Rapid City,SD,us,www.rcgov.org,"333 Sixth Street, Rapid City, SD, 57701",66000
8016,Mesa County,GVT,Grand Junction,CO,us,www.mesacounty.us,"750 Main Street, Grand Junction, CO, 81502-5093",120000
8019,Bis-Man Transit Board,CAT,Bismarck,ND,us,www.bismantransit.com,"3750 East Rosser Avenue, Bismarck, ND, 58501",94719
8020,The City of Cheyenne Transit Program,CTP,Cheyenne,WY,us,http://www.cheyennecity.org/index.asp?nid=252,"322 West Lincolnway, Cheyenne, WY, 82001",53000
8025,City of Loveland Transit,COLT,Loveland,CO,us,www.cityofloveland.org,"410 East 5th Street, Loveland, CO, 80537",60000
8026,City of St. George,SunTran,St. George,UT,us,www.sgcity.org,"175 East 200 North, St. George, UT, 84770",62629
8027,Berthoud Area Transportation Service,BATS,Berthoud,CO,us,www.berthoudcolorado.com,"328 Massachusetts Ave, Berthoud, CO, 80513-1229",15000
8028,Cache Valley Transit District,CVTD,Logan,UT,us,www.cvtdbus.org,"754 West 600 North, Logan, UT, 84321",80000
9001,Regional Transportation Commission of Washoe County,RTC,Reno,NV,us,www.rtcwashoe.com,"2050 Villanova Drive, Reno, NV, 89520",319977
9002,City and County of Honolulu Department of Transportation Services,DTS,Honolulu,HI,us,www.thebus.org,"650 South King Street-Third Floor, Honolulu, HI, 96813",909863
9003,San Francisco Bay Area Rapid Transit District,BART,Oakland,CA,us,www.bart.gov,"300 Lakeside Drive, Oakland, CA, 94604-2688",833762
9004,Golden Empire Transit District,GET,Bakersfield,CA,us,www.getbus.org,"1830 Golden State Avenue, Bakersfield, CA, 93301",445980
9006,Santa Cruz Metropolitan Transit District,SCMTD,Santa Cruz,CA,us,www.scmtd.com,"370 Encinal-Suite 100, Santa Cruz, CA, 95060",254538
9007,Modesto Area Express,MAX,Modesto,CA,us,www.modestoareaexpress.com,"1010 Tenth Street, Modesto, CA, 95354",203000
9008,Santa Monica's Big Blue Bus,Big Blue Bus,Santa Monica,CA,us,www.bigbluebus.com,"1660 Seventh Street, Santa Monica, CA, 90401-3324",458506
9009,San Mateo County Transit District,SamTrans,San Carlos,CA,us,www.samtrans.com,"1250 San Carlos Avenue, San Carlos, CA, 94070-1306",737100
9010,Torrance Transit System,TTS,Torrance,CA,us,www.torrnet.com/92.htm,"20500 Madrona Avenue, Torrance, CA, 90503",606847
9012,San Joaquin Regional Transit District,RTD,Stockton,CA,us,www.sanjoaquinrtd.com,", Stockton, CA, 95201",564539
9013,Santa Clara Valley Transportation Authority,VTA,San Jose,CA,us,www.vta.org,"3331 North First Street, San Jose, CA, 95134-1927",1808056
9014,Alameda-Contra Costa Transit District,AC Transit,Oakland,CA,us,www.actransit.org,"1600 Franklin Street, Oakland, CA, 94612",1415129
9015,San Francisco Municipal Railway,MUNI,San Francisco,CA,us,www.sfmta.com,"1 South Van Ness Ave-7th Floor, San Francisco, CA, 94103-5417",824525
9016,"Golden Gate Bridge, Highway and Transportation District",GGBHTD,San Francisco,CA,us,www.goldengate.org,"Presidio Station, San Francisco, CA, 94129-601",590000
9017,City of Santa Rosa,Santa Rosa CityBus,Santa Rosa,CA,us,ci.santa-rosa.ca.us,"100 Santa Rosa Ave Room 6, Santa Rosa, CA, 95402-1678",159981
9019,Sacramento Regional Transit District,Sacramento RT,Sacramento,CA,us,www.sacrt.com,"1400 29th Street, Sacramento, CA, 95812-2110",1097932
9020,Santa Barbara Metropolitan Transit District,SBMTD,Santa Barbara,CA,us,www.sbmtd.gov,"550 Olive Street, Santa Barbara, CA, 93101",200772
9022,Norwalk Transit System,NTS,Norwalk,CA,us,www.ci.norwalk.ca.us,"12700 Norwalk Boulevard, Norwalk, CA, 90650",218955
9023,Long Beach Transit,LBT,Long Beach,CA,us,www.lbtransit.com,"1963 East Anaheim Street, Long Beach, CA, 90801-731",800000
9026,San Diego Metropolitan Transit System,MTS,San Diego,CA,us,www.sdmts.com,"1255 Imperial Avenue-Suite 1000, San Diego, CA, 92101",2220359
9027,Fresno Area Express,FAX,Fresno,CA,us,www.fresno.gov,"2223 G Street, Fresno, CA, 93706-1600",486116
9028,City of Vallejo Transportation Program,"Vallejo Transit, Baylink",Vallejo,CA,us,www.vallejotransit.com,"555 Santa Clara Street, Vallejo, CA, 94590",210000
9029,Omnitrans,OMNI,San Bernardino,CA,us,www.omnitrans.org,"1700 West Fifth Street, San Bernardino, CA, 92411",1440413
9030,North County Transit District,NCTD,Oceanside,CA,us,www.gonctd.com,"810 Mission Avenue, Oceanside, CA, 92054-2825",842000
9031,Riverside Transit Agency,RTA,Riverside,CA,us,www.riversidetransit.com,"1825 Third Street, Riverside, CA, 92507",1498433
9032,City of Phoenix Public Transit Department dba Valley Metro,Valley Metro,Phoenix,AZ,us,www.valleymetro.org/,"302 North First Avenue-Suite 900, Phoenix, AZ, 85003-1598",1595260
9033,City of Tucson,COT,Tucson,AZ,us,www.ci.tucson.az.us,"149 N Stone Ave - 2nd Floor, Tucson, AZ, 85726-7210",532000
9034,City of Glendale Transit,,Glendale,AZ,us,www.glendaleaz.com,"6210 West Myrtle Avenue-Building S, Glendale, AZ, 85301",247000
9035,Gold Coast Transit,GCT,Oxnard,CA,us,www.goldcoasttransit.org,"301 E. Third St., Oxnard, CA, 93030-6048",360623
9036,Orange County Transportation Authority,OCTA,Orange,CA,us,www.octa.net,"550 South Main Street, Orange, CA, 92863-1584",3001570
9039,Culver City Municipal Bus Lines,Culver CityBus,Culver City,CA,us,www.culvercity.org,"4343 Duquesne Avenue, Culver City, CA, 90232-2941",298478
9041,Montebello Bus Lines,MBL,Montebello,CA,us,www.cityofmontebello.com,"400 South Taylor Avenue, Montebello, CA, 90640",285212
9042,City of Gardena Transportation Department,GMBL,Gardena,CA,us,www.ci.gardena.ca.us,"1700 West 162nd Street, Gardena, CA, 90247-3778",287466
9043,City of Commerce Municipal Buslines,CBL,Commerce,CA,us,ci.commerce.ca.us,"2535 Commerce Way, Commerce, CA, 90040",13033
9044,City of Arcadia Transit,Arcadia Transit,Arcadia,CA,us,www.ci.arcadia.ca.us,"240 West Huntington Drive, Arcadia, CA, 91066-6021",56153
9045,Regional Transportation Commission of Southern Nevada,RTC,Las Vegas,NV,us,www.rtcsouthernnevada.com,"600 South Grand Central Parkway-Suite 350, Las Vegas, NV, 89106-4512",1969658
9050,Simi Valley Transit,SVT,Simi Valley,CA,us,www.simivalley.org,"2929 Tapo Canyon Road, Simi Valley, CA, 93063-2199",126144
9052,City of Corona,CCTS,Corona,CA,us,www.CoronaTransit.com,"400 South Vicentia Avenue, Corona, CA, 92882",160000
9061,Yuba-Sutter Transit Authority,YSTA,Marysville,CA,us,www.yubasuttertransit.com,"2100 B Street, Marysville, CA, 95901",119240
9062,Monterey-Salinas Transit,MST,Monterey,CA,us,www.mst.org,"One Ryan Ranch Road, Monterey, CA, 93940-5795",352000
9078,Central Contra Costa Transit Authority,County Connection,Concord,CA,us,www.cccta.org,"2477 Arnold Industrial Way, Concord, CA, 94520-5327",500000
9079,SunLine Transit Agency,SunLine,Thousand Palms,CA,us,www.sunline.org/,"32-505 Harry Oliver Trail, Thousand Palms, CA, 92276-398",311091
9086,City of Riverside Special Transportation,City of Riverside,Riverside,CA,us,www.riversideca.gov,"3900 Main Street, Riverside, CA, 92522-144",270000
9087,Santa Maria Area Transit,SMAT,Santa Maria,CA,us,www.ci.santa-maria.ca.us/3075.html,"110 South Pine Street-Suite 101, Santa Maria, CA, 93458-5082",120097
9088,Napa County Transportation Planning Agency,NCTPA,Napa,CA,us,www.nctpa.net,"707 Randolph Street-Suite 100, Napa, CA, 94559-2912",131000
9089,Sonoma County Transit,,Santa Rosa,CA,us,www.sctransit.com,"355 West Robles Avenue, Santa Rosa, CA, 95407",481765
9090,Yolo County Transportation District,YoloBus,Woodland,CA,us,www.yolobus.com,"350 Industrial Way, Woodland, CA, 95776",528880
9091,City of Visalia - Visalia City Coach,VCC,Visalia,CA,us,www.ci.visalia.ca.us,"425 East Oak Avenue, Suite 101, Visalia, CA, 93291",121498
9092,City of Fairfield - Fairfield and Suisun Transit,FAST,Fairfield,CA,us,www.ci.fairfield.ca.us,"Fairfield Transportation Center-2000 Cadenasso Drive, Fairfield, CA, 94533",119122
9093,Redding Area Bus Authority,RABA,Redding,CA,us,www.ci.redding.ca.us/raba/rabahome.htm,"777 Cypress Avenue, Redding, CA, 96001",116893
9095,San Diego Association of Governments,SANDAG,San Diego,CA,us,www.sandag.org,"401 B Street-Suite 800, San Diego, CA, 92101",2813833
9119,Laguna Beach Municipal Transit,CLB,Laguna Beach,CA,us,www.lagunabeachcity.net,"505 Forest Avenue, Laguna Beach, CA, 92651",24969
9121,Antelope Valley Transit Authority,AVTA,Lancaster,CA,us,www.avta.com,"42210 6th Street West, Lancaster, CA, 93534",446000
9131,City of Scottsdale - Scottsdale Trolley,COS,Scottsdale,AZ,us,www.scottsdaleaz.gov,"7447 East Indian School Road-Suite 205, Scottsdale, AZ, 85251",236373
9132,Maricopa County Special Transportation Services,MCHSD,Phoenix,AZ,us,www.hsd.maricopa.gov,"Maricopa County Human Services Department-234 North Central Avenue, Phoenix, AZ, 85004",3072149
9134,Peninsula Corridor Joint Powers Board,PCJPB,San Carlos,CA,us,www.caltrain.com,"1250 San Carlos Avenue, San Carlos, CA, 94070-1306",3690367
9135,"Sun Cities Area Transit System, Inc.",SCAT,Sun City,AZ,us,www.scatdialaride.org,", Sun City, AZ, 85372-1972",65500
9136,"Regional Public Transportation Authority, dba: Valley Metro",RPTA,Phoenix,AZ,us,www.valleymetro.org,"302 North First Avenue-Number 700, Phoenix, AZ, 85003",2512667
9137,Surprise Dial-A-Ride Transit System,,Surprise,AZ,us,www.surpriseaz.com,"15832 North Hollyhock Street, Surprise, AZ, 85374-4175",125000
9140,Peoria Transit,,Peoria,AZ,us,www.peoriaaz.gov,"8401 West Monroe Avenue, Peoria, AZ, 85345",145000
9142,Unitrans - City of Davis/ASUCD,Unitrans,Davis,CA,us,www.unitrans.com,"One Shields Avenue-5 South Hall, Davis, CA, 95616-8759",66698
9144,Livermore / Amador Valley Transit Authority,LAVTA,Livermore,CA,us,www.wheelsbus.com,"1362 Rutan Court-Suite 100, Livermore, CA, 94551",166972
9146,Foothill Transit,,West Covina,CA,us,www.foothilltransit.org,"100 South Vincent  Avenue-Suite 200, West Covina, CA, 91790-2902",1515836
9147,City of Los Angeles Department of Transportation,LADOT,Los Angeles,CA,us,www.ladottransit.com,"100 S Main St-10th Floor, Los Angeles, CA, 90012",8626600
9148,Victor Valley Transit Authority,VVTA,Hesperia,CA,us,www.vvta.org/,"11741 East Santa Fe Avenue, Hesperia, CA, 92345-8305",334988
9149,City of Lompoc - Lompoc Transit,COLT,Lompoc,CA,us,www.cityoflompoc.com,"100 Civic Center Plaza, Lompoc, CA, 93438-8001",55666
9150,City of Alameda Ferry Services,,Alameda,CA,us,www.ci.alameda.ca.us,"c/o: City of Alameda-2263 Santa Clara Avenue, Alameda, CA, 94501",72500
9151,Southern California Regional Rail Authority,Metrolink,Los Angeles,CA,us,www.metrolinktrains.com,"700 South Flower Street-Suite 2600, Los Angeles, CA, 90017-4101",8341002
9154,Los Angeles County Metropolitan Transportation Authority,LACMTA,Los Angeles,CA,us,www.metro.net,"One Gateway Plaza, Los Angeles, CA, 90012-2952",8626817
9155,City of Vacaville,City Coach,Vacaville,CA,us,www.cityofvacaville.com,"650 Merchant Street, Vacaville, CA, 95688",97000
9156,City of San Luis Obispo,SLO Transit,San Luis Obispo,CA,us,www.slocity.org,"919 Palm Street, San Luis Obispo, CA, 93401",50305
9157,Access Services Incorporated,ASI,Los Angeles,CA,us,www.asila.org,"707 Wilshire Boulevard, 9th Floor, Los Angeles, CA, 90017-684",11638106
9159,Western Contra Costa Transit Authority,WestCAT,Pinole,CA,us,www.westcat.org,"601 Walter Avenue, Pinole, CA, 94564",62000
9161,City of Union City Transit Division,UCT,Union City,CA,us,www.uctransit.org,"34009 Alvarado-Niles Road, Union City, CA, 94587",71000
9162,Eastern Contra Costa Transit Authority,Tri Delta Transit,Antioch,CA,us,www.trideltatransit.com,"801 Wilbur Avenue, Antioch, CA, 94509-7500",270000
9163,Camarillo Area Transit,CAT,Camarillo,CA,us,www.ci.camarillo.ca.us,"c/o: City of Camarillo, Camarillo, CA, 93011-248",61000
9164,Ventura Intercity Service Transit Authority,VISTA,Ventura,CA,us,www.goventura.org,"950 County Square Drive-Suite 207, Ventura, CA, 93003",127000
9165,Thousand Oaks Transit,TOT,Thousand Oaks,CA,us,www.ci.thousand-oaks.ca.us,"c/o: City of Thousand Oaks-2100 Thousand Oak Boulevard, Thousand Oaks, CA, 91362",120975
9166,LACMTA - Small Operators,LACMTA,Los Angeles,CA,us,www.metro.net,"One Gateway Plaza, Los Angeles, CA, 90012",3883138
9167,Davis Community Transit,DCT,Davis,CA,us,www.city.davis.ca.us/pcs/transit/,"23 Russell Boulevard, Davis, CA, 95616",60308
9168,Roseville Transit,,Roseville,CA,us,www.roseville.ca.us/transit,"401 Vernon Street, Roseville, CA, 95678",109154
9169,"Phoenix - VPSI, Inc.",,Glendale,AZ,us,www.vpsiinc.com,"4494 W. Peoria Ave. #105, Glendale, AZ, 85302",2700000
9171,Santa Clarita Transit,SCT,Santa Clarita,CA,us,www.santa-clarita.com,"28250 Constellation Road, Santa Clarita, CA, 91355",151088
9172,City of Tempe Transportation Planning and Transit Division - dba Valley Metro,TIM - Tempe in Motion,Tempe,AZ,us,www.tempe.gov/tim,"200 E. 5th Street, Tempe, AZ, 85280",160820
9173,Merced County Transit,The Bus,Merced,CA,us,www.mercedthebus.com,"880 Thornton Road, Merced, CA, 95340",120000
9174,City of Benicia,Benicia Breeze,Benicia,CA,us,www.ci.benicia.ca.us,"250 East L Street, Benicia, CA, 94510",27343
9175,City of Lodi - Transit Division,Grapeline,Lodi,CA,us,www.lodi.gov/transit,"221 West Pine Street, Lodi, CA, 95241-1910",60000
9176,"Honolulu - VPSI, Inc.",,Honolulu,HI,us,www.vpsiinc.com,"711 Kapiolani Boulevard-Suite 985, Honolulu, HI, 96813",632603
9182,Altamont Commuter Express,ACE,Stockton,CA,us,www.acerail.com,"949 East Channel Street, Stockton, CA, 95202",4094704
9191,Town of Oro Valley - Transit Services Division,Coyote Run,Oro Valley,AZ,us,www.townoforovalley.com,"11000 North La Canada Drive, Oro Valley, AZ, 85737",29700
9192,Yuma Metropolitan Planning Organization,YMPO,Yuma,AZ,us,ympo.org,"502 South Orange Avenue, Yuma, AZ, 85364",139005
9193,Chula Vista Transit,CVT,Chula Vista,CA,us,www.sdmts.com,"1800 Maxwell Road, Chula Vista, CA, 91911",210000
9194,City of Atascadero,No Acronym,Atascadero,CA,us,www.atascadero.org,"Department of Public Works-6907 El Camino Real, Atascadero, CA, 93422",26700
9195,Paso Robles Transit Service,PRCATS,Paso Robles,CA,us,www.prcity.com,"821 Pine St, Ste A, Paso Robles, CA, 93446",29950
9196,Placer County Department of Public Works,PCDPW,Auburn,CA,us,www.placer.ca.gov,"3091 County Center Dr-Suite 220, Auburn, CA, 95603",311915
9197,City of Tracy,TRACER,Tracy,CA,us,http://www.ci.tracy.ca.us/,"400 East Tenth Street, Tracy, CA, 95376",82000
9198,City of Porterville,C.O.L.T.,Porterville,CA,us,www.ci.porterville.ca.us,"291 North Main Street, Porterville, CA, 93257-3737",59961
9199,City of Madera,MAX/DAR,Madera,CA,us,www.cityofmadera.org,"205 West 4th Street, Madera, CA, 93637",56710
9200,Kings County Area Public Transit Agency,KART,Hanford,CA,us,www.KARTAITS.com,"1340 North Drive, Hanford, CA, 93230",51965
9201,City of Turlock,BLAST and DART,Turlock,CA,us,www.ci.turlock.ca.us,"156 South Broadway, Suite 150, Turlock, CA, 95380-5454",67867
9204,Las Vegas Monorail Company,LVMC,Las Vegas,NV,us,www.lvmonorail.com,"3960 Howard Hughes Parkway-Suite 750, Las Vegas, NV, 89169",1785303
9205,City of Elk Grove,etran,Elk Grove,CA,us,www.e-tran.org,"10250 Iron Rock Way-Suite 200, Elk Grove, CA, 95624-1355",133000
9206,San Luis Obispo Regional Transit Authority,SLORTA,San Luis Obispo,CA,us,www.slorta.org,"1150 Osos Street-Suite 206, San Luis Obispo, CA, 93401",206008
9208,Butte County Association of Governments,BCAG,Chico,CA,us,www.bcag.org,"2580 Sierra Sunrise Terrace-Suite 100, Chico, CA, 95928",150000
9211,Anaheim Transportation Network,ATN,Anaheim,CA,us,www.rideart.org,"2001 South Manchester Ave., Anaheim, CA, 92802",350000
9212,Imperial Valley Transit,IVT,El Centro,CA,us,www.ivtransit.com,"940 Main Street, Suite 208, El Centro, CA, 92243",160114
9213,City of Petaluma,Petaluma Transit,Petaluma,CA,us,transit.cityofpetaluma.net,"555 North McDowell Blvd., Petaluma, CA, 94954",54600
9214,City of Redondo Beach - Beach Cities Transit,BCT,Redondo Beach,CA,us,www.redondo.org,"415 Diamond Street, Redondo Beach, CA, 90277",63261
9215,Jump Around Carson,JAC,Carson City,NV,us,www.rideJAC.com,"3505 Butti Way, Carson City, NV, 89701-3498",20878
9216,County of Sacramento Municipal Services Agency Department of Transportation,SacDOT,Sacramento,CA,us,www.sctlink.com,"906 G Street, Suite 510, Sacramento, CA, 95814",25000
9217,City of Manteca,,Manteca,CA,us,www.ci.manteca.ca.us,"1001 W Center St, Manteca, CA, 95337",49258
9219,Northern Arizona Intergovernmental Public Transportation Authority,NAIPTA,Flagstaff,AZ,us,www.naipta.az.gov,"2300 S. Huffer Lane, Flagstaff, AZ, 86001-7303",49920
